date,event_name,event_date,N,mean_tone,F1_raw,F2_raw,F3_raw,F4_raw,F5_raw,F1_z,F2_z,F3_z,F4_z,F5_z,GPR,GPR_zscore
2019-01-01,hormuz_crisis,2019-06-13,355,-2.5918409153683584,2.5918409153683584,2.833022580142928,0.666502671551515,0.6778364860322937,2.833022580142928,-1.1302483271267632,-1.2312849926014224,-0.966705033240852,-1.193955373675189,-2.945109198279607,87.42,-0.3347709792014608
2019-01-02,hormuz_crisis,2019-06-13,406,-3.543996948473769,3.543996948473769,3.983863643424415,1.02496049755063,0.7369137292692601,3.4387284029226577,0.1819317916028949,0.2609264864494164,-0.7454216655565656,0.2500423355697475,-1.0185405687402729,87.42,-0.3347709792014608
2019-01-03,hormuz_crisis,2019-06-13,1149,-4.9704400555358985,4.9704400555358985,5.416982831180636,3.317164471453892,0.7743080048726995,4.16871158678169,2.147733845580607,2.1191473746753897,0.669602858879037,1.1640533041190133,1.303317087605044,87.42,-0.3347709792014608
2019-01-04,hormuz_crisis,2019-06-13,599,-2.927566736740685,2.927566736740685,3.31587866384718,1.1768565532945447,0.7063456572317475,3.920722949696924,-0.6675796753174849,-0.6052008061556148,-0.6516531150742655,-0.4971188991065283,0.5145395808986764,87.42,-0.3347709792014608
2019-01-05,hormuz_crisis,2019-06-13,384,-2.6625654366096367,2.6625654366096367,2.8985419995465973,0.7335581132643115,0.695283724266345,3.6711122075537954,-1.0327818327153322,-1.1463307509999576,-0.9253103338158722,-0.7675006059473646,-0.2793973556855776,87.42,-0.3347709792014608
2019-01-06,hormuz_crisis,2019-06-13,634,-2.0434093087066927,2.0434093087066927,2.0771045925071463,0.8605778561407259,0.6274664495549229,3.33091863213498,-1.8860499244735,-2.211428588759518,-0.8468984414607741,-2.425126858711501,-1.3614511278697314,87.42,-0.3347709792014608
2019-01-07,hormuz_crisis,2019-06-13,610,-3.400950504092769,3.400950504092769,3.886796904524683,1.3877635579005476,0.7230388440380789,3.4374693258896656,-0.0152026000781961,0.1350671418000309,-0.5214558955901055,-0.0890950613717087,-1.022545315306525,87.42,-0.3347709792014608
2019-01-08,hormuz_crisis,2019-06-13,533,-4.061624802137352,4.061624802137352,4.829430313695711,1.4818324529579852,0.7654549296283104,3.68187333778265,0.8952822875954604,1.3573109759668935,-0.4633852373902735,0.947661684059944,-0.2451694266520498,87.42,-0.3347709792014608
2019-01-09,hormuz_crisis,2019-06-13,557,-3.3446374016222604,3.3446374016222604,3.75498303599337,1.265972533726868,0.7183263395810322,3.693808065748229,-0.0928085080561033,-0.0358462657904771,-0.596639992652996,-0.2042806263698407,-0.207208635066709,87.42,-0.3347709792014608
2019-01-10,hormuz_crisis,2019-06-13,457,-3.437175642672769,3.437175642672769,3.909944111473095,1.1008267322605063,0.747701035349326,3.726992295939849,0.0347197918304845,0.1650804329645787,-0.6985878829118832,0.5137114645786677,-0.1016595475753743,87.42,-0.3347709792014608
2019-01-11,hormuz_crisis,2019-06-13,589,-3.775581233505073,3.775581233505073,4.328728876552363,1.4968289524594944,0.7562669203731783,3.814684786844509,0.5010814730234995,0.7080880242309356,-0.454127590681291,0.7230834270191661,0.1772639754770338,87.42,-0.3347709792014608
2019-01-12,hormuz_crisis,2019-06-13,395,-2.3475327558856467,2.3475327558856467,3.30408257683667,0.6629024886072151,0.6738282922731512,3.743527703886575,-1.4669329655374497,-0.6204959298756308,-0.9689275000093588,-1.2919257983139276,-0.0490653722699431,87.42,-0.3347709792014608
2019-01-13,hormuz_crisis,2019-06-13,219,-2.880675484831485,2.880675484831485,3.307658543020505,0.4789968227962906,0.7005252373828323,3.685085585411196,-0.7322011935962901,-0.6158592359319852,-1.082456239278571,-0.6393847271676818,-0.2349522299887139,87.42,-0.3347709792014608
2019-01-14,hormuz_crisis,2019-06-13,373,-2.8431326388357507,2.8431326388357507,3.2642657964830604,0.7636250602493501,0.7000695651248751,3.630520973496893,-0.783939537316555,-0.6721234383111463,-0.90674939079199,-0.6505225132356184,-0.4085059018267222,87.42,-0.3347709792014608
2019-01-15,hormuz_crisis,2019-06-13,342,-3.9855323351851,3.9855323351851,4.47265637837564,0.991663954410708,0.7584298728441218,3.7365688264946906,0.7904181488952178,0.894708294591651,-0.7659763045233969,0.7759514730232774,-0.07119947495776,87.42,-0.3347709792014608
2019-01-16,hormuz_crisis,2019-06-13,414,-2.8746064043419297,2.8746064043419297,3.140978252372258,0.8455562559329551,0.692505829291212,3.663463137278739,-0.7405650819512176,-0.8319813843089667,-0.8561715833505281,-0.8353994069209542,-0.3037267550125248,87.42,-0.3347709792014608
2019-01-17,hormuz_crisis,2019-06-13,498,-2.9998730498408275,2.9998730498408275,3.2696317240239443,1.0336352544745937,0.7119848630328525,3.616197403679181,-0.5679332904710785,-0.6651658323238948,-0.7400665601947928,-0.3592824021309712,-0.4540648831605622,87.42,-0.3347709792014608
2019-01-18,hormuz_crisis,2019-06-13,422,-3.345879798272545,3.345879798272545,3.835582488787473,1.0006155197128463,0.7333318386983556,3.6420102875859626,-0.0910963431089757,0.0686611527418753,-0.7604503196726494,0.1624918424229085,-0.3719618382459183,87.42,-0.3347709792014608
2019-01-19,hormuz_crisis,2019-06-13,348,-4.629595938790441,4.629595938790441,5.072922710443693,1.1697738360390244,0.7760097524918822,3.80744997900408,1.678011596254854,1.6730297672767152,-0.6560254216971959,1.2056483334259205,0.1542522207573121,87.42,-0.3347709792014608
2019-01-20,hormuz_crisis,2019-06-13,349,-3.421840739538612,3.421840739538612,4.10878190059328,0.8668014842670122,0.7724920509636511,3.841753703189456,0.0135865381245147,0.4228988588627667,-0.843056468176579,1.1196667833356713,0.2633620830145698,87.42,-0.3347709792014608
2019-01-21,hormuz_crisis,2019-06-13,308,-3.602797326704952,3.602797326704952,4.497899765294777,0.8166596203736481,0.7442712763857793,3.915429882458701,0.2629654505895408,0.9274395490912526,-0.8740100691291165,0.4298794538878787,0.4977039208939495,87.42,-0.3347709792014608
2019-01-22,hormuz_crisis,2019-06-13,495,-3.798619320018406,3.798619320018406,4.594073830266901,1.302175411318709,0.745288621574857,3.990707386828786,0.5328305961139409,1.0521414287141235,-0.574291213822305,0.454745951409556,0.737139093836237,87.42,-0.3347709792014608
2019-01-23,hormuz_crisis,2019-06-13,477,-2.128715364855077,2.128715364855077,2.318790662544961,0.7071437071046709,0.645575952246923,3.8072565831942726,-1.7684884040995028,-1.8980519292503668,-0.941616488477426,-1.9824846674040668,0.1536370866670543,87.42,-0.3347709792014608
2019-01-24,hormuz_crisis,2019-06-13,1047,-3.455113513303292,3.455113513303292,3.587870714028672,2.153187014391443,0.7159841990065533,3.783416345298674,0.0594402330137937,-0.2525285975935525,-0.0489442976503515,-0.2615284842414637,0.0778084373078125,87.42,-0.3347709792014608
2019-01-25,hormuz_crisis,2019-06-13,856,-3.5484966702739085,3.5484966702739085,3.6962151302751023,1.897703012482412,0.7316476310131558,3.7740217906053566,0.1881329238550323,-0.1120463131389164,-0.2066598118096897,0.121325533603009,0.0479271753487067,87.42,-0.3347709792014608
2019-01-26,hormuz_crisis,2019-06-13,229,-2.965964713039234,2.965964713039234,3.1996452180284223,0.513853336475957,0.7027498785144103,3.712616700170515,-0.614662864052759,-0.7559122185602316,-1.0609385985037565,-0.5850088537877179,-0.1473840078637629,87.42,-0.3347709792014608
2019-01-27,hormuz_crisis,2019-06-13,222,-3.807922449791554,3.807922449791554,4.664829514302656,0.6411613821507662,0.7315944452740307,3.813716933566661,0.5456513749630469,1.1438851518874964,-0.98234873091834,0.1200255392015604,0.1741855243659977,87.42,-0.3347709792014608
2019-01-28,hormuz_crisis,2019-06-13,394,-2.663150788882392,2.663150788882392,2.92263448112156,0.7503683539792281,0.6834683671280555,3.719687690122991,-1.0319751502094652,-1.115091791327742,-0.9149330274574128,-1.0562979110816888,-0.1248933087324416,87.42,-0.3347709792014608
2019-01-29,hormuz_crisis,2019-06-13,671,-3.31856067277516,3.31856067277516,3.756467202354429,1.4635122901144806,0.7114727205788934,3.7284653594591535,-0.1287452284726839,-0.0339218557642336,-0.474694649646055,-0.3718004630593994,-0.0969741741500597,87.42,-0.3347709792014608
2019-01-30,hormuz_crisis,2019-06-13,703,-3.107908553944469,3.107908553944469,3.4987668654472586,1.423024322934082,0.6856558987747566,3.702816565629989,-0.4190479863057671,-0.3680630444629299,-0.499688702163663,-1.0028290876623738,-0.1785552977225822,87.42,-0.3347709792014608
2019-01-31,hormuz_crisis,2019-06-13,899,-2.1722079357542907,2.1722079357542907,2.32674967706627,1.2064103336535512,0.6498496353845595,3.548144080286824,-1.708550657698572,-1.887732056933016,-0.6334089603332869,-1.8780250087833608,-0.670522102247409,87.42,-0.3347709792014608
2019-02-01,hormuz_crisis,2019-06-13,683,-2.579870333968684,2.579870333968684,2.8305525167206422,1.1541448964510923,0.6583128429020122,3.473704712812298,-1.146745159973643,-1.2344877432768355,-0.665673486642388,-1.6711627451017816,-0.9072914130012936,96.8,-0.1424482400550252
2019-02-02,hormuz_crisis,2019-06-13,250,-2.808682725472431,2.808682725472431,3.1338504198698662,0.5272797832034262,0.6783968332221191,3.441018773042825,-0.8314154654581589,-0.8412235236626777,-1.052650177572767,-1.1802590667022304,-1.0112555880489902,96.8,-0.1424482400550252
2019-02-03,hormuz_crisis,2019-06-13,332,-2.6772987573298788,2.6772987573298788,2.842553267142236,0.6488547843071938,0.6742053531167327,3.385399408768794,-1.012477628509519,-1.2189272474727806,-0.9775994359814006,-1.2827094746579024,-1.188164110924848,96.8,-0.1424482400550252
2019-02-04,hormuz_crisis,2019-06-13,625,-3.2325169957190893,3.2325169957190893,3.493700871072744,1.3455577974563129,0.7205186382943122,3.394058684203332,-0.2473232749795545,-0.3746317490387835,-0.5475103771201016,-0.1506952837488424,-1.1606215518486274,96.8,-0.1424482400550252
2019-02-05,hormuz_crisis,2019-06-13,630,-3.1355044060723367,3.1355044060723367,3.418915163421212,1.3137048617211973,0.7156468713485585,3.388754769559565,-0.3810177399358614,-0.4716009092357213,-0.5671738476286656,-0.2697736280349136,-1.1774917141982997,96.8,-0.1424482400550252
2019-02-06,hormuz_crisis,2019-06-13,1030,-2.2284371804065883,2.2284371804065883,2.3135702795223088,1.3718924844386355,0.6232192633015313,3.273276126121109,-1.6310603154032115,-1.9048208183002864,-0.5312534347416856,-2.528938866256168,-1.5447946580750551,96.8,-0.1424482400550252
2019-02-07,hormuz_crisis,2019-06-13,578,-3.6860878016899,3.6860878016899,4.084843939280064,1.4387489697817315,0.7282149328523471,3.3553987908244616,0.3777492691600628,0.3918602543183627,-0.4899815551641647,0.0374216814741158,-1.2835870823156388,96.8,-0.1424482400550252
2019-02-08,hormuz_crisis,2019-06-13,347,-2.709727258064639,2.709727258064639,2.941447821241748,0.6829357515877251,0.6781888343219334,3.3063424414689746,-0.9677874385985428,-1.0906979084690755,-0.956560555904634,-1.1853430875355788,-1.4396206223504238,96.8,-0.1424482400550252
2019-02-09,hormuz_crisis,2019-06-13,182,-2.6817638495866074,2.6817638495866074,3.1032342950318355,0.375599929304666,0.6765323850053926,3.2849224432358475,-1.0063242197363116,-0.8809212146688498,-1.146285262221919,-1.2258309113998556,-1.5077512149396546,96.8,-0.1424482400550252
2019-02-10,hormuz_crisis,2019-06-13,188,-3.0107215361547377,3.0107215361547377,3.3291687315965954,0.4346166203886705,0.6875500729164765,3.289465861976219,-0.5529828332303715,-0.5879685468230413,-1.1098530484287017,-0.956530665940437,-1.4932999620593528,96.8,-0.1424482400550252
2019-02-11,hormuz_crisis,2019-06-13,702,-2.6322991786657144,2.6322991786657144,2.9585987859010663,1.203880166099425,0.6731726091642634,3.254691109895952,-1.0744922042946947,-1.068459506349103,-0.6349708846562446,-1.3079523570249851,-1.603908022834449,96.8,-0.1424482400550252
2019-02-12,hormuz_crisis,2019-06-13,802,-3.488167438537565,3.488167438537565,3.709220480499421,1.7730818807105286,0.7555538141269924,3.295927976189431,0.1049923295508841,-0.0951832262079815,-0.2835909923362872,0.7056533011446331,-1.4727459141115564,96.8,-0.1424482400550252
2019-02-13,hormuz_crisis,2019-06-13,765,-3.0761617762441698,3.0761617762441698,3.4199591716697646,1.5065747444472688,0.7061150575081958,3.3098717664101907,-0.4627986837583679,-0.4702472200579368,-0.4481113134085204,-0.5027553414033611,-1.42839489781637,96.8,-0.1424482400550252
2019-02-14,hormuz_crisis,2019-06-13,965,-3.334728064218101,3.334728064218101,3.676590475400495,1.9547862046826368,0.7118622071957903,3.348791064892562,-0.106464710484516,-0.1374921685316676,-0.1714211865320084,-0.3622804219781882,-1.3046042774856794,96.8,-0.1424482400550252
2019-02-15,hormuz_crisis,2019-06-13,964,-3.6123652845760863,3.6123652845760863,3.811939051585664,2.115873744260173,0.7269362012235699,3.394975292803159,0.2761511929036435,0.0380044360827068,-0.0719785445689312,0.0061662362041543,-1.1577060946950395,96.8,-0.1424482400550252
2019-02-16,hormuz_crisis,2019-06-13,318,-3.5126051053751794,3.5126051053751794,4.178733914553716,0.8192702251461786,0.7184132857833041,3.468413002013571,0.1386702347024934,0.513600521798612,-0.8723984892615322,-0.2021554405956066,-0.9241227585786508,96.8,-0.1424482400550252
2019-02-17,hormuz_crisis,2019-06-13,372,-2.602175891088433,2.602175891088433,2.7743657582837185,0.6972637708438005,0.6520706923871077,3.3916389714498774,-1.116005546326219,-1.307341005630168,-0.9477155757611748,-1.8237367406101588,-1.1683179326790247,96.8,-0.1424482400550252
2019-02-18,hormuz_crisis,2019-06-13,734,-2.452435130371344,2.452435130371344,2.75773373883923,1.162312185580757,0.6594613899132268,3.3186383903777434,-1.322365473002929,-1.328906529425518,-0.6606316515578113,-1.6430893421756918,-1.4005108952400949,96.8,-0.1424482400550252
2019-02-19,hormuz_crisis,2019-06-13,626,-1.7277776606948083,1.7277776606948083,1.9106144944346728,0.7201405370940274,0.6201740285351889,3.1630166105879343,-2.321026502852456,-2.4273041283267727,-0.9335932787699832,-2.603372129993159,-1.8954971207979023,96.8,-0.1424482400550252
2019-02-20,hormuz_crisis,2019-06-13,1080,-3.0760412637644747,3.0760412637644747,3.349240532507279,1.96159160677026,0.715189410882245,3.187329656815861,-0.4629647637646027,-0.5619429098521616,-0.1672200722497422,-0.2809551224519309,-1.818164609883116,96.8,-0.1424482400550252
2019-02-21,hormuz_crisis,2019-06-13,756,-2.047238835974896,2.047238835974896,2.260023929559288,0.9933038417179584,0.6501280946396754,3.087266057143928,-1.8807723970822368,-1.9742504560021767,-0.7649639684558006,-1.8712187581109587,-2.1364369210225687,96.8,-0.1424482400550252
2019-02-22,hormuz_crisis,2019-06-13,467,-2.491219764138582,2.491219764138582,2.760990045314234,0.8127591508123765,0.6781614567446449,3.0494736803038087,-1.2689158034402657,-1.3246843148588472,-0.876417908984928,-1.1860122649840044,-2.256643141464304,96.8,-0.1424482400550252
2019-02-23,hormuz_crisis,2019-06-13,458,-2.172843015995105,2.172843015995105,2.372899605590059,0.6972005966144935,0.6555260257449216,2.9772505744968774,-1.707675444354518,-1.8278928182250989,-0.9477545745085812,-1.7392796268388309,-2.4863631882965667,96.8,-0.1424482400550252
2019-02-24,hormuz_crisis,2019-06-13,434,-2.737226578893665,2.737226578893665,3.0572993382994085,0.8386380493499215,0.6864282635663006,2.976377873858864,-0.9298902234197132,-0.940481715169574,-0.8604423341613446,-0.9839505325947762,-2.4891389873873844,96.8,-0.1424482400550252
2019-02-25,hormuz_crisis,2019-06-13,652,-2.804005681644444,2.804005681644444,3.1145630324762656,1.208131072496165,0.6884035349457511,2.9912563141450974,-0.8378609677835462,-0.8662320689674186,-0.6323467129547078,-0.9356698886313678,-2.441815129445284,96.8,-0.1424482400550252
2019-02-26,hormuz_crisis,2019-06-13,673,-2.955986559451224,2.955986559451224,3.218118010637728,1.306754486444308,0.6931971512658481,3.01096945318907,-0.6284139030679871,-0.7319598987645409,-0.5714644568339544,-0.8185017439118468,-2.379113544214402,96.8,-0.1424482400550252
2019-02-27,hormuz_crisis,2019-06-13,389,-2.377418592738605,2.377418592738605,2.7272111316436223,0.6624408303715695,0.6520073989407479,2.9783327085160693,-1.4257468578129098,-1.368482962940999,-0.969212491106479,-1.8252837930206305,-2.4829212444090785,96.8,-0.1424482400550252
2019-02-28,hormuz_crisis,2019-06-13,282,-2.566955856529072,2.566955856529072,2.97168810872984,0.5375318509107244,0.6803880827849863,2.9812299176647845,-1.164542789722176,-1.0514875382804585,-1.0463213659150077,-1.131587875397961,-2.473706090700446,96.8,-0.1424482400550252
2019-03-01,hormuz_crisis,2019-06-13,439,-2.852870847041358,2.852870847041358,3.152111544760246,0.8827297403592194,0.6759534599358703,3.00009388843066,-0.7705191705330013,-0.8175456579249823,-0.8332236290145458,-1.2399813088864389,-2.4137054551785733,82.33,-0.4391337449003263
2019-03-02,hormuz_crisis,2019-06-13,246,-3.169246451355588,3.169246451355588,3.571768089732814,0.5862779105399065,0.6967847373142672,3.059679706610195,-0.3345173351213735,-0.2734076933990214,-1.0162294235616245,-0.7308120388445902,-2.224180831586052,82.33,-0.4391337449003263
2019-03-03,hormuz_crisis,2019-06-13,365,-5.145391043221983,5.145391043221983,5.750767044446037,1.3559196153291684,0.7845606785626853,3.3448490358208507,2.388836353795648,2.5519409640354858,-0.5411138144342521,1.414654661101621,-1.3171426901286971,82.33,-0.4391337449003263
2019-03-04,hormuz_crisis,2019-06-13,800,-5.06645737849129,5.06645737849129,5.975468342174938,2.570310382121534,0.7808272733033855,3.6216165143800416,2.280056718991168,2.843294710896598,0.2085545121297239,1.3234007645633592,-0.4368283166894568,82.33,-0.4391337449003263
2019-03-05,hormuz_crisis,2019-06-13,367,-2.5019860201431268,2.5019860201431268,2.913747741844189,0.6625002684399761,0.685110154620511,3.5480398526738126,-1.2540786689884236,-1.1266145765186113,-0.9691757987678224,-1.016168459396488,-0.6708536190365957,82.33,-0.4391337449003263
2019-03-06,hormuz_crisis,2019-06-13,415,-2.9435885665655075,2.9435885665655075,3.284359587142731,0.8676584721613062,0.6922629996001921,3.5270330050121244,-0.6454997579186156,-0.646069288840229,-0.8425274319732671,-0.8413347806512895,-0.7376701035220651,82.33,-0.4391337449003263
2019-03-07,hormuz_crisis,2019-06-13,525,-2.855729317369916,2.855729317369916,3.176626215202207,1.028743855399152,0.7035346101844241,3.486976698383693,-0.7665798708754873,-0.7857592768113855,-0.7430861211629056,-0.5658280208343813,-0.8650772058863565,82.33,-0.4391337449003263
2019-03-08,hormuz_crisis,2019-06-13,660,-2.525689700224476,2.525689700224476,2.5750682809856404,1.099040950679027,0.6493352952194487,3.393762527542454,-1.2214122816926016,-1.565755475584935,-0.6996902825071406,-1.890596787348141,-1.1615635373980784,82.33,-0.4391337449003263
2019-03-09,hormuz_crisis,2019-06-13,180,-2.8866396618572763,2.8866396618572763,3.515958819522731,0.400145549292443,0.6998327597527462,3.4082614257757946,-0.723981874235047,-0.3457714943634007,-1.1311327475916275,-0.6563106373279939,-1.1154468889381943,82.33,-0.4391337449003263
2019-03-10,hormuz_crisis,2019-06-13,350,-2.700606713683334,2.700606713683334,3.289371239605623,0.6858335841135083,0.7045755412343011,3.3961526257166885,-0.9803565938556992,-0.6395710454487248,-0.9547716644541456,-0.5403850250352171,-1.1539613516656255,82.33,-0.4391337449003263
2019-03-11,hormuz_crisis,2019-06-13,421,-2.3188124827961065,2.3188124827961065,2.786865173400692,0.6920410199007199,0.6718669555245699,3.334275482505159,-1.506512792837046,-1.291133927768533,-0.950939687032954,-1.3398658445454212,-1.3507739932376677,82.33,-0.4391337449003263
2019-03-12,hormuz_crisis,2019-06-13,813,-3.727444665311288,3.727444665311288,4.0742765611627165,1.915026863009858,0.74690204064071,3.4102916106736454,0.434743766206947,0.378158307600183,-0.1959654435802123,0.4941820067752204,-1.1089894794346604,82.33,-0.4391337449003263
2019-03-13,hormuz_crisis,2019-06-13,540,-2.717449354816508,2.717449354816508,3.14583447238998,1.0023149292379254,0.7016029488327659,3.3823320446222898,-0.9571455044192656,-0.8256846788068372,-0.7594012393192324,-0.6130427250757956,-1.1979204766683844,82.33,-0.4391337449003263
2019-03-14,hormuz_crisis,2019-06-13,557,-3.639867558823864,3.639867558823864,3.938402475908741,1.377719555979209,0.7419418095836672,3.439384943159135,0.3140524782319365,0.2019803137915606,-0.5276562639709224,0.3729413751674551,-1.016452311081097,82.33,-0.4391337449003263
2019-03-15,hormuz_crisis,2019-06-13,410,-3.621703525534112,3.621703525534112,4.075252110903358,1.0563842921084257,0.7458497186298874,3.5044258049312083,0.2890203589888121,0.3794232316351492,-0.7260231126981176,0.4684605869906044,-0.8095768292618487,82.33,-0.4391337449003263
2019-03-16,hormuz_crisis,2019-06-13,247,-4.074412996774043,4.074412996774043,4.481199931451959,0.7565206465594538,0.7410149806703575,3.603773584585101,0.9129058851711452,0.9057860953228938,-0.911135091068838,0.3502873250738709,-0.4935813269944379,82.33,-0.4391337449003263
2019-03-17,hormuz_crisis,2019-06-13,342,-3.838538356007585,3.838538356007585,4.221553946485949,0.9550895100438,0.7671357094742657,3.67354371000155,0.5878436019266714,0.569122127015243,-0.7885544591448862,0.9887442077919552,-0.2716634753722037,82.33,-0.4391337449003263
2019-03-18,hormuz_crisis,2019-06-13,730,-2.862011830656727,2.862011830656727,3.5923948919893864,1.3505346376927074,0.7209924506039439,3.6700382400682137,-0.7579218476692261,-0.2466624267541168,-0.5444380715709999,-0.1391141087949618,-0.2828133242780068,82.33,-0.4391337449003263
2019-03-19,hormuz_crisis,2019-06-13,628,-2.800896018895733,2.800896018895733,3.057504702964167,1.1704664515910517,0.711038956981285,3.615118581556633,-0.8421464393795245,-0.9402154338211572,-0.6555978559119158,-0.3824027458840729,-0.4574962928977437,82.33,-0.4391337449003263
2019-03-20,hormuz_crisis,2019-06-13,422,-2.8212109698934347,2.8212109698934347,3.201814378843157,0.8437085762366512,0.7028657718321802,3.5729740011200843,-0.8141501090667169,-0.7530996262997287,-0.8573121939215497,-0.5821761270691513,-0.5915455681738698,82.33,-0.4391337449003263
2019-03-21,hormuz_crisis,2019-06-13,551,-2.598390886430364,2.598390886430364,2.9273435732195257,0.97467704396222,0.6816736352902374,3.512096227583963,-1.1212217164589853,-1.108985855843953,-0.776462672731751,-1.1001657106017693,-0.7851795144229604,82.33,-0.4391337449003263
2019-03-22,hormuz_crisis,2019-06-13,759,-2.4750881693035027,2.4750881693035027,2.715594009581593,1.204665722977114,0.685729349966162,3.4321953064130044,-1.2911469896009582,-1.3835460358948484,-0.6344859442844781,-1.0010337541918328,-1.039320390092309,82.33,-0.4391337449003263
2019-03-23,hormuz_crisis,2019-06-13,466,-3.522342824055968,3.522342824055968,3.883296640030952,1.147062246506097,0.7140066061477016,3.4856465995250607,0.1520899268647532,0.1305286047040691,-0.670045751713151,-0.3098658710512483,-0.8693078515873782,82.33,-0.4391337449003263
2019-03-24,hormuz_crisis,2019-06-13,334,-2.9794257207368173,2.9794257207368173,3.583343642908197,0.7259369192088571,0.701825532789148,3.4983213807937474,-0.5961120529832457,-0.2583985197817563,-0.9300150532111482,-0.6076022084653413,-0.8289931723154165,82.33,-0.4391337449003263
2019-03-25,hormuz_crisis,2019-06-13,696,-4.01848144527982,4.01848144527982,4.555688771834493,1.825223448231239,0.7556241585011912,3.6120167292820433,0.835825798159505,1.0023703294334343,-0.2514029333222014,0.7073726961203592,-0.4673623550370598,82.33,-0.4391337449003263
2019-03-26,hormuz_crisis,2019-06-13,814,-4.134387065113755,4.134387065113755,4.677250921696408,2.1261418026845376,0.7622691222868941,3.726598202419561,0.9955570236174756,1.1599910828368778,-0.0656398615135696,0.8697924699422777,-0.1029130409127954,82.33,-0.4391337449003263
2019-03-27,hormuz_crisis,2019-06-13,582,-3.5162669789634653,3.5162669789634653,3.867000688081704,1.3803197049124023,0.7364285389097213,3.7469329328704335,0.1437167161118255,0.1093988350629053,-0.5260511387074022,0.2381830522089515,-0.0382343597718422,82.33,-0.4391337449003263
2019-03-28,hormuz_crisis,2019-06-13,591,-3.8032241880710576,3.8032241880710576,4.471603556164205,1.5120124111985886,0.7436095925089369,3.8276832704404615,0.5391766319504788,0.8933431769925078,-0.4447545302005569,0.4137062211834983,0.2186082548049408,82.33,-0.4391337449003263
2019-03-29,hormuz_crisis,2019-06-13,661,-3.0182579047146554,3.0182579047146554,3.3859491072196333,1.3149925827058695,0.7078383192612382,3.784801220838261,-0.542596853781719,-0.5143455844585227,-0.5663789110546579,-0.4606344520815392,0.0822133112087092,82.33,-0.4391337449003263
2019-03-30,hormuz_crisis,2019-06-13,192,-3.0119551595365,3.0119551595365,3.3465631026974783,0.4433966441256797,0.7069497211114261,3.739733715657085,-0.5512827588525733,-0.5654145373635624,-1.1044329597042943,-0.4823540453201942,-0.0611329113770164,82.33,-0.4391337449003263
2019-03-31,hormuz_crisis,2019-06-13,411,-4.424909150357757,4.424909150357757,4.5767522728486005,1.2933941789842227,0.7817944350446684,3.816952080919248,1.3959297472620875,1.029681831434091,-0.5797120486387223,1.3470406513007944,0.1844755581860908,82.33,-0.4391337449003263
2019-04-01,hormuz_crisis,2019-06-13,678,-4.276927838225991,4.276927838225991,5.21171813416375,1.9020417341034108,0.7672469472407162,3.9522108797007487,1.19199454234664,1.852995647121355,-0.203981429969195,0.991463141024702,0.6146932460493568,79.25,-0.5022844950678127
2019-04-02,hormuz_crisis,2019-06-13,632,-3.396809892712253,3.396809892712253,4.116310046123568,1.4268748925529455,0.7296722996999913,3.9752619404004608,-0.0209088370225535,0.4326600548564426,-0.4973116665657095,0.0730434247075732,0.6880117593465654,79.25,-0.5022844950678127
2019-04-03,hormuz_crisis,2019-06-13,848,-1.8480710154560152,1.8480710154560152,2.09145174689286,0.981163231197593,0.6280215934261715,3.780293093719553,-2.155248475885447,-2.192825682459816,-0.7724586163246305,-2.4115577340458687,0.0678743103963695,79.25,-0.5022844950678127
2019-04-04,hormuz_crisis,2019-06-13,493,-2.5856377007995333,2.5856377007995333,3.0169806984001304,0.8833288025875837,0.6754028763750493,3.703080212653169,-1.1387970676130037,-0.9927599481914908,-0.8328538156146699,-1.2534389679952858,-0.1777167155841463,79.25,-0.5022844950678127
2019-04-05,hormuz_crisis,2019-06-13,445,-2.43008993572135,2.43008993572135,2.655709385419907,0.7607365242218431,0.6715199739488319,3.598788470008767,-1.3531597117089924,-1.461194050415561,-0.9085325433234284,-1.3483469545814144,-0.509437481906981,79.25,-0.5022844950678127
2019-04-06,hormuz_crisis,2019-06-13,899,-3.840562871685116,3.840562871685116,4.286011953001852,2.132988586950442,0.7341845331188456,3.6717634327240702,0.5906336165143531,0.6527001121155518,-0.0614132011639337,0.1833338574257851,-0.2773260036585159,79.25,-0.5022844950678127
2019-04-07,hormuz_crisis,2019-06-13,748,-2.644970788129153,2.644970788129153,3.094083261191537,1.2725370393609012,0.6661764261976373,3.612916938727898,-1.0570292744469458,-0.8927866912992537,-0.5925875886921325,-1.4789568187048263,-0.4644990586757351,79.25,-0.5022844950678127
2019-04-08,hormuz_crisis,2019-06-13,1220,-3.111535001617845,3.111535001617845,3.374730197414552,2.1688162218229152,0.7109490333417053,3.592344746127631,-0.414050325866546,-0.5288923246885278,-0.0392960673598487,-0.3846007077801491,-0.52993303572193,79.25,-0.5022844950678127
2019-04-09,hormuz_crisis,2019-06-13,1088,-3.014329626442614,3.014329626442614,3.404355195318321,1.932747430774928,0.7052225238149126,3.569846153795565,-0.5480104713718938,-0.4904797555255794,-0.1850261736635837,-0.5245711293092948,-0.6014943127736048,79.25,-0.5022844950678127
2019-04-10,hormuz_crisis,2019-06-13,836,-3.129075177766816,3.129075177766816,3.4269427129405385,1.6429703765112624,0.7205000228691784,3.55710822850332,-0.3898779532496021,-0.4611921725964218,-0.3639114923656347,-0.1511502919682007,-0.6420098342537053,79.25,-0.5022844950678127
2019-04-11,hormuz_crisis,2019-06-13,609,-3.549713114821204,3.549713114821204,3.871195215292888,1.446516099583367,0.7303992870971495,3.588145775435821,0.1898093238304572,0.1148375718732454,-0.4851867466397412,0.0908128411296584,-0.5432887026264853,79.25,-0.5022844950678127
2019-04-12,hormuz_crisis,2019-06-13,482,-3.7472572945982168,3.7472572945982168,4.278662077825006,1.2558974743395943,0.7441784920947113,3.6583207361568575,0.4620478396425566,0.6431700662574313,-0.6028595334444993,0.4276115704116874,-0.3200831912713954,79.25,-0.5022844950678127
2019-04-13,hormuz_crisis,2019-06-13,206,-3.216821525170497,3.216821525170497,3.774518750174092,0.5055050136714129,0.7050088075184257,3.666037894418313,-0.2689534318991085,-0.0105157332938295,-1.0660921893886983,-0.5297948978138198,-0.2955372244727314,79.25,-0.5022844950678127
2019-04-14,hormuz_crisis,2019-06-13,363,-4.640315493529704,4.640315493529704,5.0372692900974,1.216927516750569,0.784540578876523,3.807665817719674,1.6927843710117592,1.62680058341664,-0.6269164875081401,1.4141633737770154,0.1549387390024143,79.25,-0.5022844950678127
2019-04-15,hormuz_crisis,2019-06-13,472,-3.576492706560671,3.576492706560671,4.053506822304982,1.1774726190904452,0.7382493408757146,3.8347964064099815,0.2267146698519689,0.3512277055133689,-0.6512728050234193,0.2826880718040068,0.2412330077809555,79.25,-0.5022844950678127
2019-04-16,hormuz_crisis,2019-06-13,785,-3.1381674682365808,3.1381674682365808,3.5393504715379067,1.5685521506068172,0.6982020361882311,3.807912803668263,-0.3773477351200904,-0.3154412491499742,-0.4098513894771747,-0.6961696585441041,0.1557243272576257,79.25,-0.5022844950678127
2019-04-17,hormuz_crisis,2019-06-13,988,-4.564904198664794,4.564904198664794,5.230213587922208,2.723909935839856,0.7476758728724738,3.961344706153446,1.588858965501632,1.8769773499725977,0.3033746668490617,0.5130964298048264,0.6437452096422878,79.25,-0.5022844950678127
2019-04-18,hormuz_crisis,2019-06-13,445,-2.8861519776639004,2.8861519776639004,3.407128448480976,0.903506159006535,0.6978964999663129,3.908572689859113,-0.7246539589359962,-0.486883880877322,-0.8203979196751494,-0.7036377389819733,0.4758932470449704,79.25,-0.5022844950678127
2019-04-19,hormuz_crisis,2019-06-13,340,-3.333085586264422,3.333085586264422,3.8943164014366807,0.825028468613181,0.7069971753964147,3.9136565492821935,-0.1087282333120094,0.1448171237625929,-0.8688438074721954,-0.4811941421990787,0.4920634797109665,79.25,-0.5022844950678127
2019-04-20,hormuz_crisis,2019-06-13,183,-2.440170664008644,2.440170664008644,3.0229996649172968,0.3435147204455189,0.6697957535603707,3.819839875284649,-1.3392673130043793,-0.984955594301538,-1.1660921196936913,-1.390491275385021,0.193660766291587,79.25,-0.5022844950678127
2019-04-21,hormuz_crisis,2019-06-13,137,-2.55693816376078,2.55693816376078,2.9401463708188422,0.2741284026526582,0.6752158496264813,3.7283184712554047,-1.1783483182585262,-1.0923854040950465,-1.2089257167273748,-1.258010376234773,-0.0974413814885875,79.25,-0.5022844950678127
2019-04-22,hormuz_crisis,2019-06-13,3841,-3.127193220248582,3.127193220248582,3.381514509902676,4.467485400459111,0.7298313424079031,3.6871537038786015,-0.3924715063583981,-0.5200956026256386,1.3797195605537835,0.0769308319952779,-0.2283741651730397,79.25,-0.5022844950678127
2019-04-23,hormuz_crisis,2019-06-13,3022,-3.3462532499544806,3.3462532499544806,3.892599418021645,4.188518258415712,0.7458072695902819,3.703365041453596,-0.0905816838984003,0.1425908368816306,1.20750742236831,0.4674230247654325,-0.176810760562659,79.25,-0.5022844950678127
2019-04-24,hormuz_crisis,2019-06-13,1934,-3.27402106736021,3.27402106736021,3.709029698992837,3.1252942319865604,0.7249653154157546,3.703059113243648,-0.1901259084132904,-0.0954305986412382,0.5511574249444285,-0.0420072132618817,-0.1777838264801569,79.25,-0.5022844950678127
2019-04-25,hormuz_crisis,2019-06-13,1320,-3.294170186515273,3.294170186515273,3.62628508812313,2.42893305121516,0.743427725814781,3.690713443897778,-0.1623581133818839,-0.2027194868368895,0.121279386220615,0.4092609377653867,-0.2170516993945441,79.25,-0.5022844950678127
2019-04-26,hormuz_crisis,2019-06-13,874,-2.666556414243197,2.666556414243197,2.993128595196674,1.4491746659807123,0.7065851865933096,3.6187856097974658,-1.0272818082204265,-1.0236872268012882,-0.4835455590775026,-0.4912641938013866,-0.4458325754515409,79.25,-0.5022844950678127
2019-04-27,hormuz_crisis,2019-06-13,633,-3.28200049345941,3.28200049345941,3.567647344931636,1.3804283886009063,0.7472544992885762,3.614892719886294,-0.1791293449066837,-0.2787507619518805,-0.5259840460374695,0.5027969903498769,-0.4582146911569752,79.25,-0.5022844950678127
2019-04-28,hormuz_crisis,2019-06-13,819,-3.377949029562305,3.377949029562305,3.758988661806778,1.7454694618528277,0.7614880506019547,3.6247862187986826,-0.0469012676609705,-0.0306524636137406,-0.3006367048066748,0.850701096309885,-0.4267464372222247,79.25,-0.5022844950678127
2019-04-29,hormuz_crisis,2019-06-13,1585,-2.923559018683806,2.923559018683806,3.171114366377307,2.4468243801894407,0.72938340755021,3.568149809884906,-0.6731027700339657,-0.7929060882606193,0.132324070533871,0.0659821676203111,-0.6068898741835769,79.25,-0.5022844950678127
2019-04-30,hormuz_crisis,2019-06-13,1182,-3.051517190327776,3.051517190327776,3.3873981781497515,2.0788979339734186,0.7221050931330417,3.546049234719714,-0.4967617471108611,-0.5124666801120653,-0.094804470604449,-0.1119183025048604,-0.6771851779543626,79.25,-0.5022844950678127
2019-05-01,hormuz_crisis,2019-06-13,1042,-3.3666746768163938,3.3666746768163938,3.7091843324409663,2.0906083458312965,0.7253320826746686,3.571296664263641,-0.0624386176439142,-0.0952300967529186,-0.0875753931930171,-0.0330424909309227,-0.5968806738427624,106.47,0.055820511282505036
2019-05-02,hormuz_crisis,2019-06-13,1104,-3.44936547256413,3.44936547256413,3.792990972256407,2.235613622028486,0.7407960833779291,3.597751607755596,0.0515187742220278,0.0134358467412192,0.0019393377504868,0.344936919883861,-0.5127354298793918,106.47,0.055820511282505036
2019-05-03,hormuz_crisis,2019-06-13,953,-3.430625619343454,3.430625619343454,3.793968384408136,1.9920256487055088,0.7468527307446594,3.6236593148099687,0.0256931091323643,0.0147031856284973,-0.1484325139842597,0.4929767478118914,-0.4303307809605684,106.47,0.055820511282505036
2019-05-04,hormuz_crisis,2019-06-13,732,-4.34769351772617,4.34769351772617,4.990364113055743,2.0560810009540367,0.770707597076474,3.764219575767244,1.2895177575550558,1.5659820691650743,-0.1088898313151065,1.0760502030053838,0.0167492686869449,106.47,0.055820511282505036
2019-05-05,hormuz_crisis,2019-06-13,603,-5.208864516094367,5.208864516094367,5.864090209683187,2.1054197441302125,0.8001994380817623,3.989503988094152,2.476310072675762,2.69887882835454,-0.0784320132526792,1.7969056207545455,0.7333114432445148,106.47,0.055820511282505036
2019-05-06,hormuz_crisis,2019-06-13,2444,-3.723357690643416,3.723357690643416,4.377344699335424,4.113840607592957,0.7797608777174232,4.033824992579346,0.4291114467987063,0.7711246077653564,1.1614073769340914,1.297335350896342,0.8742832709198416,106.47,0.055820511282505036
2019-05-07,hormuz_crisis,2019-06-13,1655,-3.281908245206533,3.281908245206533,3.526856174979029,2.8279038844233333,0.7417675389859891,3.9838046218409953,-0.1792564735696381,-0.3316416901514974,0.3675722641457527,0.3686817596192742,0.7151834678831478,106.47,0.055820511282505036
2019-05-08,hormuz_crisis,2019-06-13,2984,-2.984329948623958,2.984329948623958,3.1997863092745824,3.70858329755681,0.7183247755200451,3.904148320529086,-0.5893534649919085,-0.7557292758552561,0.9112337279322288,-0.2043188559885345,0.4618206546475463,106.47,0.055820511282505036
2019-05-09,hormuz_crisis,2019-06-13,1692,-3.640413197490693,3.640413197490693,4.0008342073670935,3.183518329926468,0.7387357064421027,3.914532839870916,0.3148044308381593,0.2829309761476066,0.5871003547343172,0.2945760802018097,0.4948506973587076,106.47,0.055820511282505036
2019-05-10,hormuz_crisis,2019-06-13,1613,-3.1791466113465887,3.1791466113465887,3.840619742936757,2.692417359069528,0.7309901247424252,3.904722443666229,-0.3208737802199098,0.0751925919686132,0.2839336533201471,0.105254412190982,0.4636467682226747,106.47,0.055820511282505036
2019-05-11,hormuz_crisis,2019-06-13,999,-2.705782840004818,2.705782840004818,3.124365364179944,1.628063164386001,0.7061105777050781,3.8230962670321538,-0.9732232986656948,-0.8535221020081369,-0.3731140201460437,-0.50286483915724,0.2040183721627701,106.47,0.055820511282505036
2019-05-12,hormuz_crisis,2019-06-13,1039,-4.734522888633098,4.734522888633098,5.050166060852694,2.933693195852666,0.8045184778147663,3.945874468763484,1.822612956447292,1.6435228832873658,0.4328781757487046,1.902473909639988,0.5945390225360663,106.47,0.055820511282505036
2019-05-13,hormuz_crisis,2019-06-13,2348,-5.278602883972147,5.278602883972147,5.697764140405842,5.691676695683952,0.8308677015140368,4.130143838396792,2.572417534751516,2.4832159729352474,2.1354379543204463,2.5465157873138105,1.1806446427384685,106.47,0.055820511282505036
2019-05-14,hormuz_crisis,2019-06-13,2943,-4.478146956814604,4.478146956814604,4.812566251342807,5.520940993541874,0.8099311711860187,4.205417407199157,1.4692975449429104,1.335444579094786,2.0300393037298647,2.0347738681465657,1.420067297819735,106.47,0.055820511282505036
2019-05-15,hormuz_crisis,2019-06-13,3008,-4.208475213214817,4.208475213214817,4.494149370300146,5.253821560570668,0.7941033208055966,4.230225692703926,1.0976589812710384,0.9225766860595792,1.8651409993420809,1.6479010481010348,1.4989750163996916,106.47,0.055820511282505036
2019-05-16,hormuz_crisis,2019-06-13,2541,-4.383174111387887,4.383174111387887,4.641961531977138,4.9576753242281,0.7917110979325443,4.278218635898701,1.3384140812508551,1.1142339108798385,1.6823238539156842,1.5894290517887668,1.6516261802501346,106.47,0.055820511282505036
2019-05-17,hormuz_crisis,2019-06-13,2666,-3.972560333415934,3.972560333415934,4.161080270596998,4.6234476329161005,0.7582771455891392,4.267978001445552,0.7725412440289947,0.490710332180094,1.4759982453152296,0.7722184314280637,1.6190537922326764,106.47,0.055820511282505036
2019-05-18,hormuz_crisis,2019-06-13,2027,-5.172516045343879,5.172516045343879,5.391129272276079,5.088303971403118,0.8156862869865318,4.393371111942162,2.4262177149038333,2.085624954766516,1.7629635969101691,2.1754434995822494,2.017891683429539,106.47,0.055820511282505036
2019-05-19,hormuz_crisis,2019-06-13,1991,-4.276926010736525,4.276926010736525,4.500739399923204,4.159471658374286,0.7716542673433142,4.412726307609429,1.1919920238567492,0.931121495733621,1.1895763604392529,1.09918922611864,2.079454758091794,106.47,0.055820511282505036
2019-05-20,hormuz_crisis,2019-06-13,2525,-4.293325387268477,4.293325387268477,4.585680597816569,4.837700594681342,0.7917496827109369,4.436671737574335,1.2145922438801484,1.04125853775,1.6082609927768023,1.5903721616659003,2.1556179918865546,106.47,0.055820511282505036
2019-05-21,hormuz_crisis,2019-06-13,2022,-3.798954276890934,3.798954276890934,4.166937517535278,3.731233245815511,0.7696516974176342,4.4112133462950975,0.5332922050661307,0.4983049961139773,0.925216005525388,1.0502413364263978,2.0746424817419973,106.47,0.055820511282505036
2019-05-22,hormuz_crisis,2019-06-13,1605,-4.024704707030804,4.024704707030804,4.238094739093001,3.397100749569378,0.7767690566216252,4.396823244501267,0.8444021659599154,0.5905693636392677,0.7189491627914705,1.2242076527829728,2.0288718821386413,106.47,0.055820511282505036
2019-05-23,hormuz_crisis,2019-06-13,1725,-3.725534032397245,3.725534032397245,3.897366234976012,3.3000731165224857,0.764900456106972,4.348374587769319,0.4321106951168846,0.1487716199669673,0.6590520149493014,0.9341089444468564,1.8747712301509627,106.47,0.055820511282505036
2019-05-24,hormuz_crisis,2019-06-13,1393,-3.4117923780514694,3.4117923780514694,3.708059447480061,2.6126880192900988,0.7402109140077725,4.28829127564579,-0.0002612554206612,-0.0966886528514376,0.2347150966867086,0.3306338958473952,1.683664227473019,106.47,0.055820511282505036
2019-05-25,hormuz_crisis,2019-06-13,1077,-3.756932343654823,3.756932343654823,4.234445054250645,2.390872174830908,0.7395195258713824,4.28658904038053,0.4753811658815419,0.5858370841000295,0.0977836266292386,0.3137346156771624,1.678249927430311,106.47,0.055820511282505036
2019-05-26,hormuz_crisis,2019-06-13,514,-3.3781464878117675,3.3781464878117675,3.778463079586969,1.1954602219651684,0.7223317323102169,4.235883991671861,-0.0466291475669785,-0.0054014096788287,-0.6401686888569162,-0.1063786660097493,1.516972369038884,106.47,0.055820511282505036
2019-05-27,hormuz_crisis,2019-06-13,728,-2.904835787799487,2.904835787799487,3.1754280104557395,1.3677472304890137,0.6952123268465276,4.129862215627189,-0.6989055276394189,-0.7873129013160878,-0.5338123850207658,-0.7692457400296852,1.1797488851398514,106.47,0.055820511282505036
2019-05-28,hormuz_crisis,2019-06-13,1142,-3.8224505879193456,3.8224505879193456,4.162521428940974,2.5396644833437407,0.7412550494374806,4.137408751070993,0.5656728140451183,0.4925789768545192,0.189636170290317,0.3561552148194434,1.2037521519088847,106.47,0.055820511282505036
2019-05-29,hormuz_crisis,2019-06-13,1334,-4.146776616124693,4.146776616124693,4.353788648967686,3.080474340451953,0.7821504583878088,4.162606564838897,1.0126312445973262,0.7405811992258562,0.5234891866785217,1.3557427650719198,1.283898843111938,106.47,0.055820511282505036
2019-05-30,hormuz_crisis,2019-06-13,1417,-4.093735055367649,4.093735055367649,4.4730271574811775,3.172470508289281,0.7808787367173153,4.197404120391568,0.9395338959781228,0.8951890567534545,0.5802803078553352,1.3246586609673348,1.3945794348961928,106.47,0.055820511282505036
2019-05-31,hormuz_crisis,2019-06-13,1534,-2.9339395188016284,2.9339395188016284,3.4720927321677664,2.401494093975469,0.7127008645954109,4.12309542495736,-0.658797251396802,-0.4026494431789224,0.1043407551645898,-0.3417815073786027,1.1582257527266224,106.47,0.055820511282505036
2019-06-01,hormuz_crisis,2019-06-13,762,-3.6619957086577104,3.6619957086577104,4.092161742828028,1.7879265023394146,0.7279800226947881,4.115041738836422,0.3445476043107423,0.4013487152397826,-0.2744271029529738,0.0316798812341677,1.13260939169917,106.59,0.05828093012019941
2019-06-02,hormuz_crisis,2019-06-13,719,-3.1905600598889268,3.1905600598889268,3.559100089055722,1.487434232652485,0.7187448118383878,4.046718277931173,-0.3051447402908607,-0.2898333638326782,-0.4599271438966544,-0.1940521026965169,0.9152929461719864,106.59,0.05828093012019941
2019-06-03,hormuz_crisis,2019-06-13,1069,-3.631417222246738,3.631417222246738,3.855378209158996,2.2982738991176834,0.7582127056455007,4.024701713832533,0.3024069461263283,0.0943288162594062,0.0406208119118639,0.7706433557153296,0.8452648564170894,106.59,0.05828093012019941
2019-06-04,hormuz_crisis,2019-06-13,752,-2.888740084276926,2.888740084276926,3.1065033538561577,1.395711884998785,0.6926085188620368,3.930560481571192,-0.7210872514587672,-0.8766824650630296,-0.516549230258272,-0.8328894132768769,0.5458298204642781,106.59,0.05828093012019941
2019-06-05,hormuz_crisis,2019-06-13,572,-3.646826784130364,3.646826784130364,3.967836202441602,1.4111704856881182,0.7400161322996224,3.938529605190046,0.3236430881440197,0.2401448753499928,-0.5070063190087052,0.3258729367206565,0.5711772135247345,106.59,0.05828093012019941
2019-06-06,hormuz_crisis,2019-06-13,725,-2.601824106289603,2.601824106289603,2.771027178888926,1.2210441513315295,0.6782185782124774,3.81498775965512,-1.1164903460891222,-1.3116698974776893,-0.6243752045522961,-1.18461607138763,0.1782276411552817,106.59,0.05828093012019941
2019-06-07,hormuz_crisis,2019-06-13,1091,-3.195825750675198,3.195825750675198,3.3843882636287472,2.0532885921254587,0.713041983307285,3.769408274085957,-0.2978880150054176,-0.5163694162434974,-0.1106136425551507,-0.3334437006100826,0.0332529624488774,106.59,0.05828093012019941
2019-06-08,hormuz_crisis,2019-06-13,538,-3.437665089548699,3.437665089548699,3.933232641293176,1.2640325198965725,0.7540185169884126,3.790257676128588,0.0353943057099739,0.1952769671659687,-0.597837602978633,0.668126743884217,0.0995686596228708,106.59,0.05828093012019941
2019-06-09,hormuz_crisis,2019-06-13,453,-4.086808846254763,4.086808846254763,4.293577369508076,1.2990705660815418,0.7878485805738785,3.836411388362051,0.9299887861640812,0.6625096346591757,-0.5762078984652023,1.4950193279724349,0.2463697811932538,106.59,0.05828093012019941
2019-06-10,hormuz_crisis,2019-06-13,900,-3.44880990152172,3.44880990152172,3.696677747088508,1.9170495451180944,0.747411931242861,3.811387035057592,0.0507531336641308,-0.1114464717347544,-0.1947168004311398,0.5066450267323004,0.1667748157203669,106.59,0.05828093012019941
2019-06-11,hormuz_crisis,2019-06-13,726,-3.061457395955598,3.061457395955598,3.233716972672577,1.4383327393643763,0.6938217264885892,3.744900841906857,-0.4830630047331299,-0.7117338649946744,-0.4902385027373647,-0.8032355408618558,-0.0446978318990047,106.59,0.05828093012019941
2019-06-12,hormuz_crisis,2019-06-13,1162,-3.621508300766184,3.621508300766184,3.9636169879570593,2.4368141741964813,0.7259944584299776,3.763842594195609,0.2887513168883028,0.2346741283569547,0.1261445650727713,-0.0168523469614598,0.0155502033279661,106.59,0.05828093012019941
2019-06-13,hormuz_crisis,2019-06-13,3758,-4.202339986775793,4.202339986775793,4.463236285640562,5.9338123297981165,0.7747943676646457,3.8327949540987567,1.089203936218248,0.8824939489608778,2.2849132472752296,1.1759412447024171,0.2348669880213485,106.59,0.05828093012019941
2019-06-14,hormuz_crisis,2019-06-13,4321,-4.021140247744524,4.021140247744524,4.273530784369755,6.109579275569779,0.7580977625848169,3.877489544502056,0.8394899326212028,0.6365166931370192,2.393417787745301,0.7678338556908398,0.3770270804998042,106.59,0.05828093012019941
2019-06-15,hormuz_crisis,2019-06-13,2897,-4.588289034041305,4.588289034041305,4.948001056012518,5.605633458997989,0.7742212176316211,3.982093522388444,1.6210859482585924,1.5110529898816702,2.082321699633422,1.1619320037596488,0.7097409735181779,106.59,0.05828093012019941
2019-06-16,hormuz_crisis,2019-06-13,2390,-4.447897388635257,4.447897388635257,4.810208856599853,4.848153408238399,0.7591650768368096,4.066614099271075,1.4276101737715692,1.3323879176596605,1.6147137289647608,0.7939217238863812,0.9785755890174284,106.59,0.05828093012019941
2019-06-17,hormuz_crisis,2019-06-13,2799,-3.26501741549422,3.26501741549422,3.585838737352868,3.910115800822184,0.719199912573317,4.013014941616184,-0.2025339723899311,-0.2551633132094104,1.0356438754749868,-0.1829282861013954,0.808092737732047,106.59,0.05828093012019941
2019-06-18,hormuz_crisis,2019-06-13,3672,-3.649834437800143,3.649834437800143,3.873098612308149,5.089933177135444,0.7280268695768621,3.9974005848628007,0.3277879795402719,0.117305567642588,1.7639693390224942,0.0328249378870113,0.7584281501382706,106.59,0.05828093012019941
2019-06-19,hormuz_crisis,2019-06-13,2346,-4.020823188293779,4.020823188293779,4.234616193149816,4.333209808801211,0.7686950250184015,4.021102935439662,0.8390529883670486,0.5860589874001492,1.296828483933982,1.026857835821118,0.833818221275708,106.59,0.05828093012019941
2019-06-20,hormuz_crisis,2019-06-13,4623,-4.279458172302725,4.279458172302725,4.536496439936492,6.729542717064852,0.7903461818781834,4.076171879114988,1.1954816326488529,0.9774850356411798,2.7761339351548115,1.5560670404995267,1.008976021245105,106.59,0.05828093012019941
2019-06-21,hormuz_crisis,2019-06-13,4159,-4.1160238356144205,4.1160238356144205,4.376167314281951,6.131398528590018,0.7859553861165317,4.10986104484381,0.9702503891721646,0.7695979786346183,2.406887260130836,1.4487448522221276,1.1161311572988395,106.59,0.05828093012019941
2019-06-22,hormuz_crisis,2019-06-13,2637,-4.355000421059809,4.355000421059809,4.698187259970288,5.035847591237597,0.7791161348169284,4.171254680270443,1.299587507628066,1.187137702208013,1.7305811975938763,1.2815761986347514,1.3114059055644494,106.59,0.05828093012019941
2019-06-23,hormuz_crisis,2019-06-13,2793,-4.55059041538587,4.55059041538587,4.698531891330751,5.442876182317765,0.7836986250797989,4.22906347659378,1.569132931963671,1.1875845605002058,1.9818482947118288,1.393583886868953,1.495278355389768,106.59,0.05828093012019941
2019-06-24,hormuz_crisis,2019-06-13,4652,-4.169212747424194,4.169212747424194,4.506985671486746,6.576854016479827,0.7480443567135623,4.264209216325822,1.043550804426607,0.9392205794609688,2.6818760687555563,0.5221031097592586,1.607066416661768,106.59,0.05828093012019941
2019-06-25,hormuz_crisis,2019-06-13,3144,-4.099105785489485,4.099105785489485,4.558247898639429,5.247348283984889,0.7467148693380707,4.2957984819235016,0.9469353775041612,1.0056885620865026,1.861144912943742,0.4896070652674839,1.7075423999557355,106.59,0.05828093012019941
2019-06-26,hormuz_crisis,2019-06-13,2582,-3.270062844914124,3.270062844914124,3.797679329744929,3.734212549823508,0.7232044460645717,4.242915455888769,-0.1955807925065243,0.0195148971726649,0.927055190992764,-0.0850473276962788,1.5393373486553166,106.59,0.05828093012019941
2019-06-27,hormuz_crisis,2019-06-13,2466,-3.0953477705424057,3.0953477705424057,3.309522396314829,3.4385464362776457,0.6952307131689015,4.143150700952212,-0.4363581851416683,-0.6134425136148947,0.7445344352157248,-0.7687963316630334,1.2220155730243978,106.59,0.05828093012019941
2019-06-28,hormuz_crisis,2019-06-13,2265,-2.805915129127017,2.805915129127017,3.112157529004959,2.959270342764984,0.6865997330561362,4.038063643474062,-0.8352295303538855,-0.8693511094737989,0.448667473105341,-0.9797593832289392,0.8877651486535778,106.59,0.05828093012019941
2019-06-29,hormuz_crisis,2019-06-13,813,-2.6123589038517423,2.6123589038517423,2.924945485336846,1.342135947249879,0.6725547040042681,3.9203058819620686,-1.1019721878931426,-1.1120952810986475,-0.5496227554320561,-1.3230555268188913,0.5132130134724654,106.59,0.05828093012019941
2019-06-30,hormuz_crisis,2019-06-13,518,-2.7580994151286933,2.7580994151286933,3.399244113850889,0.982427335306144,0.6827817050516746,3.8673169013610775,-0.901125063323236,-0.4971069212389045,-0.7716782589326164,-1.0730816743548364,0.3446709524623262,106.59,0.05828093012019941
2019-07-01,hormuz_crisis,2019-06-13,1956,-3.012797756813006,3.012797756813006,3.2020532854135784,2.896941889681244,0.7167398895599771,3.797182556280181,-0.5501215632544936,-0.7527898536141879,0.4101908407079888,-0.2430574898576355,0.1215946272818136,93.52,-0.20969968828533536
2019-07-02,hormuz_crisis,2019-06-13,1464,-3.347045769303862,3.347045769303862,3.689401774092413,2.6531578344937854,0.7258661266278574,3.789623531548997,-0.0894895014221992,-0.1208806940374225,0.2596979436168092,-0.0199891017951516,0.0975516358339528,93.52,-0.20969968828533536
2019-07-03,hormuz_crisis,2019-06-13,1219,-3.662483489118329,3.662483489118329,3.987408329907581,2.5513336957500856,0.7409769595797794,3.809510098356772,0.3452198216789833,0.2655226222917848,0.1968398144353486,0.3493579931570509,0.1608048427872417,93.52,-0.20969968828533536
2019-07-04,hormuz_crisis,2019-06-13,1275,-3.377926385740694,3.377926385740694,3.6142437512003975,2.430082009632732,0.7114022780921246,3.7946401227667415,-0.0469324734418479,-0.218332608190055,0.121988661816038,-0.3735222561552562,0.1135079085060161,93.52,-0.20969968828533536
2019-07-05,hormuz_crisis,2019-06-13,1550,-3.8129022402333135,3.8129022402333135,4.302405290567647,3.1431077489977386,0.7328077736775366,3.850486383793247,0.5525140968131691,0.6739561545666987,0.5621540743369977,0.1496823637117461,0.2911381219270559,93.52,-0.20969968828533536
2019-07-06,hormuz_crisis,2019-06-13,988,-3.132427845145904,3.132427845145904,3.5878525851753484,1.8691413793941265,0.717957600962024,3.822315644371723,-0.3852575934276886,-0.2525521039524185,-0.2242914936922729,-0.2132935337430274,0.2015354455133429,93.52,-0.20969968828533536
2019-07-07,hormuz_crisis,2019-06-13,2058,-3.2993261927320523,3.2993261927320523,3.606410438368118,3.27705172434714,0.7397615406131088,3.79693024797577,-0.1552525460016733,-0.2284894923161687,0.6448404374083669,0.3196500699791644,0.1207921102083924,93.52,-0.20969968828533536
2019-07-08,hormuz_crisis,2019-06-13,2432,-3.0795954105662715,3.0795954105662715,3.319897214423712,3.3924358801678105,0.7216606884302024,3.747146176092765,-0.4580667422111878,-0.5999902453833484,0.7160694432369898,-0.1227806809388655,-0.0375560970126688,93.52,-0.20969968828533536
2019-07-09,hormuz_crisis,2019-06-13,2204,-2.1614770150702043,2.1614770150702043,2.3460920577398343,2.2413380973133106,0.6467860005037097,3.6021388602912023,-1.723339096029839,-1.862652205862213,0.0054731737484059,-1.952908018001738,-0.4987808948772722,93.52,-0.20969968828533536
2019-07-10,hormuz_crisis,2019-06-13,1506,-3.2622267712309574,3.2622267712309574,3.899425676589532,2.636752687165291,0.7129508976156356,3.631513045738585,-0.2063797999574532,0.1514419473598454,0.2495707097139424,-0.3356700660069774,-0.4053504174526278,93.52,-0.20969968828533536
2019-07-11,hormuz_crisis,2019-06-13,2551,-4.38676392323376,4.38676392323376,4.723987020635826,4.973413161900436,0.7890276770555621,3.7422004378032447,1.3433612533217727,1.220590365873059,1.6920391438817954,1.5238394374636723,-0.0532870077620055,93.52,-0.20969968828533536
2019-07-12,hormuz_crisis,2019-06-13,1159,-3.90360857787844,3.90360857787844,4.196052009325526,2.6216927600547058,0.7641790904949115,3.7871577188241226,0.6775178238940405,0.5360556293180636,0.2402739078410259,0.9164769387155596,0.0897086248154031,93.52,-0.20969968828533536
2019-07-13,hormuz_crisis,2019-06-13,774,-4.790359171835374,4.790359171835374,5.342557948127522,2.3678899435498555,0.7925436441275772,3.944876680134672,1.899561752836081,2.0226460693585584,0.0835962239115115,1.6097785930435238,0.5913653560483343,93.52,-0.20969968828533536
2019-07-14,hormuz_crisis,2019-06-13,761,-4.483449000815501,4.483449000815501,4.865159609536362,2.1867180024746977,0.7808541348975413,4.037208438321521,1.4766043691237285,1.403638542033923,-0.028244931011715,1.324057330074922,0.8850449974568398,93.52,-0.20969968828533536
2019-07-15,hormuz_crisis,2019-06-13,1325,-3.489026804229429,3.489026804229429,3.8545329604737417,2.5794960879479114,0.7269414255527277,4.020424752983449,0.1061766339467761,0.0932328440778154,0.2142250367281266,0.0062939320633845,0.831661126203967,93.52,-0.20969968828533536
2019-07-16,hormuz_crisis,2019-06-13,1395,-3.701955082423012,3.701955082423012,4.0363122160095815,2.837731930925927,0.7541890138431465,4.022914845561808,0.3996162002011721,0.328932716474139,0.3736393188174982,0.6722941195805019,0.8395813641572678,93.52,-0.20969968828533536
2019-07-17,hormuz_crisis,2019-06-13,1112,-3.47050245386923,3.47050245386923,3.816769575218262,2.261287507735347,0.7358841340774701,3.9999927627578113,0.0806479564927684,0.044267822960679,0.0177883539490332,0.2248764169023697,0.7666730908783054,93.52,-0.20969968828533536
2019-07-18,hormuz_crisis,2019-06-13,2805,-4.225807426560396,4.225807426560396,4.4248326438401735,5.067056414662207,0.7698725360813236,4.041860088134116,1.1215447573149864,0.8326987539853925,1.7498470443629155,1.055639193655468,0.8998405009298297,93.52,-0.20969968828533536
2019-07-19,hormuz_crisis,2019-06-13,4466,-4.162308907495041,4.162308907495041,4.412185801552987,6.431767325533473,0.7864762628350382,4.079091571384223,1.034036521910978,0.8163005180892253,2.592311078817639,1.461476400735749,1.018262687019594,93.52,-0.20969968828533536
2019-07-20,hormuz_crisis,2019-06-13,3775,-4.141292330734682,4.141292330734682,4.402609268257859,5.861756676336169,0.7745837508188247,4.109811013152957,1.0050732708997376,0.8038833274202064,2.240431814586992,1.1707932346357652,1.115972021489911,93.52,-0.20969968828533536
2019-07-21,hormuz_crisis,2019-06-13,2624,-3.8383253326912055,3.8383253326912055,4.095885436437696,4.425406490506558,0.7522082239143881,4.105090343575375,0.5875500313869066,0.4061769565374733,1.3537433864339086,0.6238785882709298,1.1009569868368647,93.52,-0.20969968828533536
2019-07-22,hormuz_crisis,2019-06-13,3473,-3.569295241424704,3.569295241424704,3.909422066338776,4.829094504496357,0.7421321400601889,4.082223473956886,0.2167957381555917,0.1644035352009619,1.6029482768013033,0.3775935349000016,1.0282243301478973,93.52,-0.20969968828533536
2019-07-23,hormuz_crisis,2019-06-13,2782,-2.7971000756403765,2.7971000756403765,2.9691595817100827,3.337863448332821,0.6754985984087557,3.9621413527845526,-0.8473776841527779,-1.054766094428962,0.6823807618265374,-1.2510992786356798,0.6462791037383934,93.52,-0.20969968828533536
2019-07-24,hormuz_crisis,2019-06-13,1871,-2.928213156967938,2.928213156967938,3.188961446799928,2.7359345432807025,0.7069964752627947,3.881461720850264,-0.6666888341726985,-0.7697650837171759,0.310797703637771,-0.4812112552410557,0.3896613825911012,93.52,-0.20969968828533536
2019-07-25,hormuz_crisis,2019-06-13,1131,-3.042172825566623,3.042172825566623,3.502058598845251,2.0069845435832723,0.710461474470165,3.844584688824707,-0.5096393524984486,-0.363794894394967,-0.1391980813807574,-0.3965178835833978,0.2723665995809126,93.52,-0.20969968828533536
2019-07-26,hormuz_crisis,2019-06-13,1371,-3.7392025071500297,3.7392025071500297,4.442835119271162,2.8316827128522686,0.7471248379759694,3.911758391925887,0.4509474195615821,0.8560412478766465,0.3699050124358067,0.4996277389067966,0.4860260102347623,93.52,-0.20969968828533536
2019-07-27,hormuz_crisis,2019-06-13,809,-3.515676161238027,3.515676161238027,3.7118705184437726,1.7992715822484169,0.7462727071095523,3.8961153939714266,0.1429025015858882,-0.0917471157261347,-0.2674235524462607,0.4787994985952503,0.4362703235670934,93.52,-0.20969968828533536
2019-07-28,hormuz_crisis,2019-06-13,1269,-3.2537234994412367,3.2537234994412367,3.4423270765082283,2.33286669782618,0.7199086735454946,3.850974487661826,-0.2180982828517279,-0.4412443929715449,0.0619756560263837,-0.1656043697479943,0.2926906339977608,93.52,-0.20969968828533536
2019-07-29,hormuz_crisis,2019-06-13,1143,-2.75098466651856,2.75098466651856,3.303344470408215,1.828943681437989,0.7067767857804101,3.796770865977652,-0.910930002168741,-0.6214529785250432,-0.2491063570645452,-0.4865810235634554,0.120285163855659,93.52,-0.20969968828533536
2019-07-30,hormuz_crisis,2019-06-13,766,-2.831810826841528,2.831810826841528,3.095315045429399,1.3883349542130494,0.6968977272954253,3.723344443060263,-0.7995422915819054,-0.8911895267227566,-0.5211031609274982,-0.7280502770388545,-0.1132622739462941,93.52,-0.20969968828533536
2019-07-31,hormuz_crisis,2019-06-13,961,-2.8058251802833767,2.8058251802833767,3.0598696142371424,1.639584834553722,0.6911987072515409,3.651874632455145,-0.8353534901674281,-0.9371490262510204,-0.3660014568508928,-0.8673487858623122,-0.3405863145821228,93.52,-0.20969968828533536
2019-08-01,hormuz_crisis,2019-06-13,1082,-3.973640264304439,3.973640264304439,4.376108481342242,2.5374585309548165,0.7574132361332697,3.7285054113450986,0.7740295125398566,0.7695216942624477,0.1882743906382429,0.7511022925069107,-0.0968467811085636,103.4,-0.007125203981839987
2019-08-02,hormuz_crisis,2019-06-13,520,-3.593754192113109,3.593754192113109,3.999243762682221,1.2842408459363237,0.7364552748852448,3.753905038521191,0.2505029748924535,0.2808687627879315,-0.5853625888570296,0.2388365472824352,-0.016058181958428,103.4,-0.007125203981839987
2019-08-03,hormuz_crisis,2019-06-13,292,-2.46116602466531,2.46116602466531,3.2884719563973333,0.5318131897221302,0.6910461643387794,3.7057084023468,-1.310333300215126,-0.6407370802463547,-1.049851612752081,-0.8710773216659474,-0.1693572321091645,103.4,-0.007125203981839987
2019-08-04,hormuz_crisis,2019-06-13,1023,-4.471091356725341,4.471091356725341,4.95430601949643,2.7385470542480217,0.7846984114341762,3.8380119103830905,1.4595741195368424,1.5192281751317198,0.312410460238493,1.4180212019221332,0.2514605619000839,103.4,-0.007125203981839987
2019-08-05,hormuz_crisis,2019-06-13,1181,-3.978265804152601,3.978265804152601,4.45153379365168,2.7085980841669475,0.7598985311535752,3.905613555820461,0.7804040364793365,0.8673201830635107,0.2939223467770439,0.811849208230855,0.4664811288267461,103.4,-0.007125203981839987
2019-08-06,hormuz_crisis,2019-06-13,1773,-3.636785374879056,3.636785374879056,3.963926964886496,3.280443954571425,0.7195736594367169,3.92037938156936,0.3098048755764626,0.2350760527817117,0.6469345306978576,-0.1737929645288861,0.5134467936878205,103.4,-0.007125203981839987
2019-08-07,hormuz_crisis,2019-06-13,695,-3.931942226064925,3.931942226064925,4.3500722451986125,1.7838538794602448,0.7331973117842518,3.965837361258585,0.7165648377748726,0.735762410131569,-0.2769412165826564,0.1592036633347538,0.6580349986180297,103.4,-0.007125203981839987
2019-08-08,hormuz_crisis,2019-06-13,715,-3.766463079866585,3.766463079866585,4.053540811988008,1.748103454516972,0.7395881182513844,3.9709051706387455,0.4885156124838952,0.3512717774506672,-0.2990106871139296,0.3154111874697436,0.6741541809093533,103.4,-0.007125203981839987
2019-08-09,hormuz_crisis,2019-06-13,743,-3.3598119198733536,3.3598119198733536,3.697469123294917,1.6078702806961904,0.7229757516083963,3.940808144514955,-0.0718962830970871,-0.1104203520583464,-0.385579501388318,-0.0906372004245916,0.5784245640032161,103.4,-0.007125203981839987
2019-08-10,hormuz_crisis,2019-06-13,378,-3.8919976105644594,3.8919976105644594,4.347837851371354,1.057604436821209,0.7368937256156994,3.976017778650904,0.6615165804644995,0.7328652349923293,-0.7252698923426844,0.2495533955255699,0.690415854218274,103.4,-0.007125203981839987
2019-08-11,hormuz_crisis,2019-06-13,347,-4.2542722605613,4.2542722605613,4.730743877859568,1.0722092472879925,0.7479954062191533,4.050748078394181,1.1607725602803336,1.2293514887016328,-0.71625404330808,0.5209066354838852,0.9281105332965494,103.4,-0.007125203981839987
2019-08-12,hormuz_crisis,2019-06-13,695,-1.760532336156605,1.760532336156605,2.2907411342531145,0.7987229356905385,0.6274343562696033,3.866111351770512,-2.275886806792101,-1.93442170213604,-0.8850827524516434,-2.425911300028402,0.3408364606427184,103.4,-0.007125203981839987
2019-08-13,hormuz_crisis,2019-06-13,598,-3.2670255662852727,3.2670255662852727,3.6025380142300825,1.3115101815805734,0.7092373304524521,3.837358502248045,-0.1997665104910263,-0.2335105816176347,-0.5685286686906788,-0.4264390691450382,0.2493822665165469,103.4,-0.007125203981839987
2019-08-14,hormuz_crisis,2019-06-13,396,-3.4221352942866843,3.4221352942866843,4.014565334956407,0.968482305737978,0.7205601529739322,3.8561715115710906,0.013992468319629,0.3007351255326319,-0.7802868116869045,-0.1496805596522753,0.3092208089671969,103.4,-0.007125203981839987
2019-08-15,hormuz_crisis,2019-06-13,1485,-2.443558232443386,2.443558232443386,2.586428378003557,1.9560865618529544,0.6490375668126904,3.719044620238319,-1.3345988555285524,-1.551025668216982,-0.1706184493814433,-1.897874024974338,-0.1269387212409853,103.4,-0.007125203981839987
2019-08-16,hormuz_crisis,2019-06-13,1086,-2.8775385552913284,2.8775385552913284,3.1087182933186885,1.842534016214168,0.6849254561751835,3.650813595026019,-0.736524241955312,-0.8738105149763974,-0.2407167646798694,-1.020682957997652,-0.3439611565414424,103.4,-0.007125203981839987
2019-08-17,hormuz_crisis,2019-06-13,1473,-4.407851939989015,4.407851939989015,4.627066860132529,3.5088520215424626,0.7504110356347593,3.749678487417888,1.3724229568321045,1.094921078715294,0.7879355149133175,0.5799507470807704,-0.0295015738832398,103.4,-0.007125203981839987
2019-08-18,hormuz_crisis,2019-06-13,1108,-3.9533819187607713,3.9533819187607713,4.470681323413349,2.56910454875763,0.772761216246167,3.82384857934976,0.7461111910289817,0.892147385200668,0.2078101264634685,1.1262458657380463,0.2064112520992131,103.4,-0.007125203981839987
2019-08-19,hormuz_crisis,2019-06-13,1486,-4.146218138807954,4.146218138807954,4.509663967827212,3.3206163574764243,0.7605973115924942,3.8957449509699154,1.0118615988603812,0.942693330539338,0.6717337789162806,0.828929175029862,0.4350920554393929,103.4,-0.007125203981839987
2019-08-20,hormuz_crisis,2019-06-13,780,-3.358516611355692,3.358516611355692,3.681199065527165,1.6702640077074131,0.7232394774598103,3.8782225967637536,-0.0736813666604955,-0.1315165466072561,-0.3470625740568124,-0.0841910715186954,0.3793586999726349,103.4,-0.007125203981839987
2019-08-21,hormuz_crisis,2019-06-13,1328,-3.4010316047007803,3.4010316047007803,3.6697102863897166,2.518461327736369,0.723467674585445,3.8600262986872425,-0.0150908341472469,-0.1464132066728058,0.1765470274734305,-0.0786133548105703,0.3214817311050236,103.4,-0.007125203981839987
2019-08-22,hormuz_crisis,2019-06-13,658,-2.936917427058571,2.936917427058571,3.446782691941498,1.2748428214168137,0.7121040605096585,3.8183966771049,-0.6546933525878886,-0.4354671221494531,-0.5911641821391965,-0.3563689133826009,0.1890703855576627,103.4,-0.007125203981839987
2019-08-23,hormuz_crisis,2019-06-13,825,-3.7652509552082254,3.7652509552082254,4.164951415770597,1.956712532101056,0.7481539738590514,3.851517539667263,0.4868451658104289,0.4957297631418681,-0.1702320251091206,0.5247824309040399,0.2944179196181657,103.4,-0.007125203981839987
2019-08-24,hormuz_crisis,2019-06-13,831,-3.1116451065032744,3.1116451065032744,3.550354732029558,1.6262071319680744,0.7181016622000811,3.8205092888148666,-0.4138985887177885,-0.3011728289936011,-0.3742597870234309,-0.2097723115879747,0.1957899700386923,103.4,-0.007125203981839987
2019-08-25,hormuz_crisis,2019-06-13,1135,-3.414756531449314,3.414756531449314,3.8843339957086753,2.2586139866628607,0.7294902947095756,3.829332740411719,0.0038236876162811,0.1318736679795687,0.0161379345591211,0.068594760978002,0.2238547242666476,103.4,-0.007125203981839987
2019-08-26,hormuz_crisis,2019-06-13,1399,-2.95474415182216,2.95474415182216,3.391855366460234,2.269490265474181,0.7054075648363226,3.786073803978684,-0.6301260831451317,-0.5066873698550711,0.0228520845334842,-0.5200482572795241,0.0862610166535229,103.4,-0.007125203981839987
2019-08-27,hormuz_crisis,2019-06-13,985,-3.1860383309420106,3.1860383309420106,3.51755216874812,1.896780782547824,0.713802931950771,3.761553442768387,-0.311376200912999,-0.3437055148983629,-0.2072291232625398,-0.3148441851648632,0.0082690989335726,103.4,-0.007125203981839987
2019-08-28,hormuz_crisis,2019-06-13,621,-3.0191938365754094,3.0191938365754094,3.369349326352906,1.2501741429486193,0.701650908145941,3.724042131223938,-0.5413070324315757,-0.5358693068467636,-0.6063926632932846,-0.6118704777844981,-0.1110431370669911,103.4,-0.007125203981839987
2019-08-29,hormuz_crisis,2019-06-13,862,-2.96278191243356,2.96278191243356,3.260074754410662,1.593057672521025,0.7232790081210122,3.671482103102583,-0.6190491279963114,-0.6775576561967905,-0.3947236282100783,-0.0832248418659086,-0.2782208288408641,103.4,-0.007125203981839987
2019-08-30,hormuz_crisis,2019-06-13,722,-3.1788103805985544,3.1788103805985544,3.673104664862521,1.4868949079002909,0.7301584526848293,3.6698432578107583,-0.3213371447185176,-0.1420119642397986,-0.4602600801273209,0.0849262370729512,-0.28343350438261,103.4,-0.007125203981839987
2019-08-31,hormuz_crisis,2019-06-13,840,-3.229140157357295,3.229140157357295,3.5573052625850834,1.7018161632509523,0.7316853305360511,3.660074088820408,-0.2519769451853282,-0.2921605841134304,-0.3275847813292795,0.1222470055898135,-0.314506302109901,103.4,-0.007125203981839987
2019-09-01,hormuz_crisis,2019-06-13,411,-3.586943269246793,3.586943269246793,4.097035489348524,1.0484580331813922,0.7508827555438113,3.6990359568387134,0.2411167427365393,0.4076681460768532,-0.7309161548952656,0.591480778455866,-0.1905802808478998,90.37,-0.27428568277480986
2019-09-02,hormuz_crisis,2019-06-13,1093,-3.094481387278121,3.094481387278121,3.389757813641202,1.990863594802034,0.7249642176426715,3.662244490203505,-0.4375521605564819,-0.5094071132621668,-0.1491498736917086,-0.0420340456211865,-0.3076029060041911,90.37,-0.27428568277480986
2019-09-03,hormuz_crisis,2019-06-13,995,-3.317164577183692,3.317164577183692,3.776799106296495,1.989919653232824,0.7377461084662602,3.672666539189082,-0.1306692081727289,-0.0075589622063685,-0.1497325881818998,0.2703877949688948,-0.2744534927477863,90.37,-0.27428568277480986
2019-09-04,hormuz_crisis,2019-06-13,1064,-2.5488311023147334,2.5488311023147334,2.8096449263561314,1.607523390302961,0.6793497555254719,3.5778573760664405,-1.1895207778984929,-1.2615970873353946,-0.3857936439425143,-1.1569672279546002,-0.5760130165223902,90.37,-0.27428568277480986
2019-09-05,hormuz_crisis,2019-06-13,971,-2.9420827951596475,2.9420827951596475,3.109947712218955,1.7327239501810034,0.7038574483010743,3.525855421706379,-0.6475748834583623,-0.8722164173602517,-0.308504770562359,-0.5579370381927236,-0.7414156429740493,90.37,-0.27428568277480986
2019-09-06,hormuz_crisis,2019-06-13,535,-2.687642916842304,2.687642916842304,2.966630763905961,0.9836336453031124,0.6932233695643386,3.4658969048958626,-0.9982221913907686,-1.0580450276162938,-0.7709335790309954,-0.8178609021784455,-0.9321257091753704,90.37,-0.27428568277480986
2019-09-07,hormuz_crisis,2019-06-13,1098,-3.5221004585670808,3.5221004585670808,3.8701175673507664,2.273612840715277,0.7560970703726588,3.503680763362806,0.1517559194490287,0.113440264563908,0.0253970347806684,0.7189318620810117,-0.8119465831248698,90.37,-0.27428568277480986
2019-09-08,hormuz_crisis,2019-06-13,643,-3.096135484108432,3.096135484108432,3.4403345874884828,1.3190011281341747,0.7219737332884114,3.4902198671951243,-0.4352726255856131,-0.4438279078303815,-0.5639043537495734,-0.1151290703799301,-0.8547616582105398,90.37,-0.27428568277480986
2019-09-09,hormuz_crisis,2019-06-13,899,-3.05358455458936,3.05358455458936,3.420715661868789,1.695913130923292,0.7116817916316478,3.4895097251016347,-0.4939126822644449,-0.4692663345170997,-0.3312288442518091,-0.3666902360971193,-0.8570204073068484,90.37,-0.27428568277480986
2019-09-10,hormuz_crisis,2019-06-13,1243,-3.167864623310752,3.167864623310752,3.4848878314421854,2.2379149849630773,0.7095791637643384,3.4883978132144566,-0.3364216525072792,-0.3860589732851547,0.0033600162891985,-0.4180837957392105,-0.8605570656648912,90.37,-0.27428568277480986
2019-09-11,hormuz_crisis,2019-06-13,1721,-3.3651713564984336,3.3651713564984336,3.6328305613780194,2.97627587200031,0.7372331646145169,3.5007329597333903,-0.0645103653036712,-0.1942324501483338,0.4591653350726671,0.257850145845398,-0.8213226627082086,90.37,-0.27428568277480986
2019-09-12,hormuz_crisis,2019-06-13,1269,-2.676659421871592,2.676659421871592,2.9933839348559506,1.919121163116425,0.6869748384391121,3.4522454671872453,-1.0133587060308438,-1.023356146530706,-0.193437948153474,-0.9705908559913016,-0.9755468397777364,90.37,-0.27428568277480986
2019-09-13,hormuz_crisis,2019-06-13,696,-3.031687467272011,3.031687467272011,3.330585888617754,1.3770144589004905,0.7022587210583805,3.441304771968925,-0.524089377718657,-0.586131022909391,-0.5280915348586155,-0.5970139881258382,-1.010345911208543,90.37,-0.27428568277480986
2019-09-14,hormuz_crisis,2019-06-13,2557,-6.429800422805343,6.429800422805343,6.636435669783044,7.299916133189455,0.8601394298853141,3.771914590528471,4.158899656028167,3.700322727191085,3.12823714284975,3.261991093841248,0.041224803650082,90.37,-0.27428568277480986
2019-09-15,hormuz_crisis,2019-06-13,3439,-5.801150351233633,5.801150351233633,6.101337010385894,7.806426828165745,0.8280843505418924,4.013862120046273,3.292547822007858,3.006499411832168,3.440916583004416,2.478483627930886,0.8107873583311046,90.37,-0.27428568277480986
2019-09-16,hormuz_crisis,2019-06-13,6527,-5.016939009793699,5.016939009793699,5.304108341211249,9.306319762432349,0.81911324593935,4.147274057074009,2.211814732743405,1.9727912747774048,4.366831252980681,2.259207070906943,1.2351307326512544,90.37,-0.27428568277480986
2019-09-17,hormuz_crisis,2019-06-13,4131,-4.302369941413491,4.302369941413491,4.581623363401791,6.386493749937098,0.7862751154687962,4.19568157619864,1.2270566758841697,1.0359978184725105,2.564362772075691,1.4565598487749705,1.389100538243259,90.37,-0.27428568277480986
2019-09-18,hormuz_crisis,2019-06-13,5107,-4.156715360411449,4.156715360411449,4.3771552439282,6.867838602085653,0.7744881828213894,4.217735804062284,1.026327973079617,0.7708789547882012,2.8615068213206647,1.1684573103134317,1.4592484251429017,90.37,-0.27428568277480986
2019-09-19,hormuz_crisis,2019-06-13,3744,-4.753620435031505,4.753620435031505,5.084282442187937,6.698821350471536,0.7907250420681958,4.313433551710668,1.8489315637230097,1.687759101020998,2.757169005485095,1.565327344747436,1.7636342698931446,90.37,-0.27428568277480986
2019-09-20,hormuz_crisis,2019-06-13,3142,-4.544175287737667,4.544175287737667,5.540392457103212,5.815003210956161,0.7810613788755041,4.443725308231655,1.5602921509714724,2.2791636152342263,2.2115699415302035,1.3291228986938353,2.178053285462348,90.37,-0.27428568277480986
2019-09-21,hormuz_crisis,2019-06-13,2458,-4.416207402064278,4.416207402064278,4.882712051285852,4.896237410487272,0.7717471719769631,4.494981918888203,1.383937741002722,1.426397510148318,1.6443969697189904,1.101460051072829,2.341085197049779,90.37,-0.27428568277480986
2019-09-22,hormuz_crisis,2019-06-13,1954,-3.87896920937241,3.87896920937241,4.1766232930781815,3.7273543788009977,0.7501231266995241,4.464760222428463,0.6435619507308794,0.5108638332199625,0.922821501364742,0.5729135222515206,2.2449590411815894,90.37,-0.27428568277480986
2019-09-23,hormuz_crisis,2019-06-13,3741,-3.290152244848925,3.290152244848925,3.467229664959932,4.634503207877355,0.7308490958616999,4.365423420852212,-0.1678952974037104,-0.4089550269319337,1.4828230784801737,0.1018073085424945,1.9289984568878888,90.37,-0.27428568277480986
