date,day_offset,actual,normal,AR,SAR,CAR,CSAR,event_name,asset
2019-06-10,-3,-0.0054376622004116,0.008411122965653267,-0.013848785166064867,-0.4739455372508322,-0.013848785166064867,-0.17913457522208587,hormuz_crisis,BTC
2019-06-11,-2,-0.009117973017984,0.004226205639581271,-0.013344178657565271,-0.4566764410880051,-0.027192963823630137,-0.3517420456136431,hormuz_crisis,BTC
2019-06-12,-1,0.0271447396905516,0.0027321032439194017,0.024412636446632198,0.835471123110507,-0.002780327376997939,-0.03596364285275314,hormuz_crisis,BTC
2019-06-13,0,0.0103887534460544,0.006523100561430052,0.0038656528846243484,0.1322938374203338,0.0010853255076264095,0.014038727690191698,hormuz_crisis,BTC
2019-06-14,1,0.0547156649508117,0.002192079822765859,0.052523585128045835,1.7975092019515342,0.05360891063567225,0.6934333459350399,hormuz_crisis,BTC
2019-06-17,2,0.0695865294306852,0.006722820567698441,0.06286370886298676,2.1513781832398893,0.116472619498659,1.5065778672068535,hormuz_crisis,BTC
2019-06-18,3,-0.0259321508495559,0.009752735232194375,-0.03568488608175027,-1.2212401523270664,0.08078773341690873,1.0449924766148453,hormuz_crisis,BTC
2019-06-10,-3,-0.0123787173553216,4.666221769557263e-05,-0.012425379573017172,-2.0852625977279278,-0.012425379573017172,-0.7881551788360883,hormuz_crisis,Gold
2019-06-11,-2,0.0012825419568353,4.666221769557263e-05,0.0012358797391397273,0.2074088586327213,-0.011189499833877445,-0.7097619988855265,hormuz_crisis,Gold
2019-06-12,-1,0.0041379887499468,4.666221769557263e-05,0.004091326532251228,0.6866180741329051,-0.007098173301626217,-0.45024476033727256,hormuz_crisis,Gold
2019-06-13,0,0.0054658717373067,4.666221769557263e-05,0.005419209519611127,0.9094671799834759,-0.0016789637820150902,-0.10649847693563007,hormuz_crisis,Gold
2019-06-14,1,0.000671835533549,4.666221769557263e-05,0.0006251733158534273,0.10491836687852131,-0.0010537904661616629,-0.06684306168940102,hormuz_crisis,Gold
2019-06-17,2,-0.0010452624905258,4.666221769557263e-05,-0.0010919247082213726,-0.183249915240707,-0.0021457151743830352,-0.13610501933234037,hormuz_crisis,Gold
2019-06-18,3,0.0058839216634618,4.666221769557263e-05,0.005837259445766227,0.9796255095436627,0.0036915442713831917,0.23415862012872576,hormuz_crisis,Gold
2019-06-10,-3,-0.0094570981468076,-0.0007833066554571172,-0.008673791491350483,-1.7090862862471325,-0.008673791491350483,-0.6459738975086947,hormuz_crisis,TLT
2019-06-11,-2,0.0006128530182133,0.001033637724103784,-0.0004207847058904841,-0.0829115354014567,-0.009094576197240967,-0.6773115122930922,hormuz_crisis,TLT
2019-06-12,-1,0.0007654509049308,0.0016477648412482216,-0.0008823139363174216,-0.17385138324209912,-0.009976890133558389,-0.7430211587421174,hormuz_crisis,TLT
2019-06-13,0,0.0034377040938653,-0.0005796985851024467,0.004017402678967746,0.7915901404596986,-0.005959487454590642,-0.44382820846396726,hormuz_crisis,TLT
2019-06-14,1,0.0025134391272304,0.001492627722711294,0.0010208114045191059,0.2011409628705106,-0.004938676050071537,-0.3678040704320462,hormuz_crisis,TLT
2019-06-17,2,0.0017480203541809,0.0005679651327349502,0.0011800552214459499,0.23251840881796249,-0.003758620828625587,-0.27992037257822094,hormuz_crisis,TLT
2019-06-18,3,0.0049992805284163,-0.0026082861784543815,0.007607566706870681,1.4989970583669832,0.0038489458782450946,0.28664726062983764,hormuz_crisis,TLT
2019-06-10,-3,0.0015514459723424,0.00017318799333790352,0.0013782579790044965,0.4367883513277081,0.0013782579790044965,0.16509047902614638,hormuz_crisis,DXY
2019-06-11,-2,-0.000723698074158,0.00017318799333790352,-0.0008968860674959036,-0.28423516694115886,0.00048137191150859297,0.057659683942541555,hormuz_crisis,DXY
2019-06-12,-1,0.003200968758095,0.00017318799333790352,0.0030277807647570965,0.9595441409127404,0.0035091526762656895,0.4203332794917171,hormuz_crisis,DXY
2019-06-13,0,0.0001031094905333,0.00017318799333790352,-7.007850280460351e-05,-0.02220881298698948,0.003439074173461086,0.41193913719492914,hormuz_crisis,DXY
2019-06-14,1,0.0057559779981799,0.00017318799333790352,0.005582790004841996,1.7692606748303017,0.009021864178303082,1.0806568157731138,hormuz_crisis,DXY
2019-06-17,2,-0.0001025176690412,0.00017318799333790352,-0.0002757056623791035,-0.08737480468588636,0.008746158515923978,1.0476322437657286,hormuz_crisis,DXY
2019-06-18,3,0.0008196909506643,0.00017318799333790352,0.0006465029573263965,0.20488541707050267,0.009392661473250375,1.125071652456057,hormuz_crisis,DXY
2019-06-10,-3,0.010416852029554,0.005853313706055521,0.0045635383234984795,1.7456270642625809,0.0045635383234984795,0.6597850134146508,hormuz_crisis,NASDAQ
2019-06-11,-2,-7.671067859787108e-05,-0.00032652566673651055,0.0002498149881386395,0.09555826497780698,0.004813353311637119,0.6959026426786638,hormuz_crisis,NASDAQ
2019-06-12,-1,-0.0038231304904305,-0.0024153110919379367,-0.0014078193984925634,-0.5385136421333933,0.0034055339131445557,0.4923636177214361,hormuz_crisis,NASDAQ
2019-06-13,0,0.0056826888551269,0.005160796541550966,0.0005218923135759338,0.19963223328655083,0.003927426226720489,0.5678175095712423,hormuz_crisis,NASDAQ
2019-06-14,1,-0.0051772240584065,-0.001887654613236204,-0.0032895694451702965,-1.258313406439924,0.0006378567815501926,0.09221974602573099,hormuz_crisis,NASDAQ
2019-06-17,2,0.0061834811639243,0.0012573322913517191,0.00492614887257258,1.8843314518189473,0.005564005654122773,0.8044300901871915,hormuz_crisis,NASDAQ
2019-06-18,3,0.0137809071236098,0.012060482421634624,0.0017204247019751758,0.6580902161661779,0.007284430356097949,1.0531648119329693,hormuz_crisis,NASDAQ
2019-12-30,-3,0.0003986452276052,-0.003980915281463215,0.004379560509068415,0.10713159130801315,0.004379560509068415,0.0404919354513731,soleimani_assassination,BTC
2019-12-31,-2,-0.0137226948232393,-0.005744166360995194,-0.007978528462244106,-0.19516854458035612,-0.003598967953175691,-0.03327484064891907,soleimani_assassination,BTC
2020-01-02,-1,-0.0293593114134793,-0.007606396427930642,-0.021752914985548655,-0.5321137573426202,-0.025351882938724347,-0.23439493652388232,soleimani_assassination,BTC
2020-01-03,0,0.0501717459600312,-0.0037757067741992605,0.05394745273423046,1.3196475871185755,0.028595569795506114,0.2643849682992883,soleimani_assassination,BTC
2020-01-06,1,0.0561656209922459,-0.006221876692197912,0.062387497684443814,1.5261056196894853,0.09098306747994993,0.8411986746016448,soleimani_assassination,BTC
2020-01-07,2,0.0495268893264055,-0.005147870846460169,0.05467476017286567,1.3374387794333766,0.1456578276528156,1.346703018052285,soleimani_assassination,BTC
2020-01-08,3,-0.0103216732028055,-0.006414461837963469,-0.0039072113648420306,-0.09557711789243412,0.14175061628797356,1.3105782630563303,soleimani_assassination,BTC
2019-12-30,-3,0.0004622733368912,0.0003430119877404231,0.00011926134915077693,0.014804002327528074,0.00011926134915077693,0.005595386938151522,soleimani_assassination,Gold
2019-12-31,-2,0.0032959818895556,0.0003430119877404231,0.002952969901815177,0.36655440853955357,0.0030722312509659537,0.14413993079101287,soleimani_assassination,Gold
2020-01-02,-1,0.0032851540714616,0.0003430119877404231,0.0029421420837211767,0.3652103432123789,0.00601437333468713,0.28217646570079863,soleimani_assassination,Gold
2020-01-03,0,0.0160721496940034,0.0003430119877404231,0.01572913770626298,1.9524698728599768,0.02174351104095011,1.0201407122627126,soleimani_assassination,Gold
2020-01-06,1,0.010913635018349,0.0003430119877404231,0.010570623030608578,1.3121395075843967,0.03231413407155869,1.516082829761436,soleimani_assassination,Gold
2020-01-07,2,0.0035692183565126,0.0003430119877404231,0.003226206368772177,0.40047145980218074,0.035540340440330866,1.6674468140208032,soleimani_assassination,Gold
2020-01-08,3,-0.0092037106781219,0.0003430119877404231,-0.009546722665862322,-1.1850419735484783,0.02599361777446854,1.219543048994738,soleimani_assassination,Gold
2019-12-30,-3,-0.0036477750617231,0.00405938239111218,-0.007707157452835281,-0.9617383332220267,-0.007707157452835281,-0.3635029222890359,soleimani_assassination,TLT
2019-12-31,-2,-0.0098422504507963,-0.000549199543232959,-0.009293050907563341,-1.159634190047528,-0.017000208360398623,-0.8018034478138318,soleimani_assassination,TLT
2020-01-02,-1,0.0112298793580162,-0.0033980021809272955,0.014627881538943496,1.8253415083219062,-0.002372326821455127,-0.11188920655907467,soleimani_assassination,TLT
2020-01-03,0,0.0152829591763248,0.004738235132709414,0.010544724043615387,1.315824334464863,0.00817239722216026,0.3854456445896544,soleimani_assassination,TLT
2020-01-06,1,-0.0056946868245971,-0.0008579335793436362,-0.004836753245253463,-0.6035546870247276,0.003335643976906797,0.15732341537610417,soleimani_assassination,TLT
2020-01-07,2,-0.0049279608758,0.0024824115686087906,-0.00741037244440879,-0.9247039893571073,-0.004074728467501993,-0.19218184065078492,soleimani_assassination,TLT
2020-01-08,3,-0.0066328345898079,-0.0015768721303879346,-0.005055962459419965,-0.6309087284530425,-0.00913069092692196,-0.4306429257174607,soleimani_assassination,TLT
2019-12-30,-3,-0.0018589317432379,0.0001629178172676831,-0.002021849560505583,-0.7739766096942392,-0.002021849560505583,-0.29253566140455145,soleimani_assassination,DXY
2019-12-31,-2,-0.0036244898488808,0.0001629178172676831,-0.003787407666148483,-1.44984325354185,-0.005809257226654066,-0.8405249026754801,soleimani_assassination,DXY
2020-01-02,-1,0.0047609186341586,0.0001629178172676831,0.0045980008168909165,1.7601433623670177,-0.0012112564097631496,-0.17525324429774103,soleimani_assassination,DXY
2020-01-03,0,-0.0001032798441557,0.0001629178172676831,-0.0002661976614233831,-0.10190212344259927,-0.0014774540711865328,-0.21376862668324428,soleimani_assassination,DXY
2020-01-06,1,-0.0017569967185531,0.0001629178172676831,-0.0019199145358207831,-0.7349552470984427,-0.003397368607007316,-0.49155559933817355,soleimani_assassination,DXY
2020-01-07,2,0.0032017087566834,0.0001629178172676831,0.003038790939415717,1.1632681059961851,-0.00035857766759159887,-0.05188158268688358,soleimani_assassination,DXY
2020-01-08,3,0.0032942142644708,0.0001629178172676831,0.003131296447203117,1.1986797907693254,0.002772718779611518,0.40117679273805523,soleimani_assassination,DXY
2019-12-30,-3,-0.0067544621237311,-0.006701028338904155,-5.343378482694505e-05,-0.022385256520568896,-5.343378482694505e-05,-0.008460831683973189,soleimani_assassination,NASDAQ
2019-12-31,-2,0.0029700322170819,0.0034141547048992353,-0.0004441224878173355,-0.18605823728456797,-0.0004975562726442805,-0.07878423528826067,soleimani_assassination,NASDAQ
2020-01-02,-1,0.0132404049152301,0.00966687203670963,0.0035735328785204707,1.4970762492203045,0.00307597660587619,0.48705740030292216,soleimani_assassination,NASDAQ
2020-01-03,0,-0.0078862062018942,-0.008191013726788881,0.0003048075248946805,0.1276943914092041,0.0033807841307708707,0.535321343658136,soleimani_assassination,NASDAQ
2020-01-06,1,0.0056046492981398,0.004091782081736891,0.0015128672164029088,0.633792287602666,0.00489365134717378,0.7748723116391903,soleimani_assassination,NASDAQ
2020-01-07,2,-0.0003185932225164,-0.0032398012734846065,0.0029212080509682064,1.223794866537307,0.007814859398141987,1.2374232934413611,soleimani_assassination,NASDAQ
2020-01-08,3,0.0066667743589785,0.005669750130186748,0.000997024228791752,0.41768785780398476,0.008811883626933739,1.3952944644985972,soleimani_assassination,NASDAQ
2022-02-18,-3,-0.0125865264237605,-0.01667662520779596,0.004090098784035462,0.11820689718585858,0.004090098784035462,0.04467800760090894,russia_ukraine_war,BTC
2022-02-22,-2,-0.0445685601614807,-0.016674216947381557,-0.02789434321409914,-0.806167267462135,-0.023804244430063678,-0.26002457880270563,russia_ukraine_war,BTC
2022-02-23,-1,-0.0261836346154203,-0.03426144600821856,0.00807781139279826,0.23345475774870242,-0.015726433037265418,-0.17178697431872053,russia_ukraine_war,BTC
2022-02-24,0,0.0273995799515498,0.04154494224754217,-0.014145362295992368,-0.40881149206116413,-0.029871795333257786,-0.32630319447573436,russia_ukraine_war,BTC
2022-02-25,1,0.0227384505953059,0.020157933589201843,0.0025805170061040557,0.07457886093546659,-0.02729127832715373,-0.29811503460463223,russia_ukraine_war,BTC
2022-02-28,2,0.0966444670528177,0.004553744473023496,0.09209072257979421,2.6614903821518014,0.06479944425264048,0.7078337751045001,russia_ukraine_war,BTC
2022-03-01,3,0.0265333803325247,-0.02140654716755251,0.04793992750007721,1.38549956378022,0.11273937175271768,1.231503387583205,russia_ukraine_war,BTC
2022-02-18,-3,-0.0011054540785265,-4.64516011538433e-06,-0.0011008089184111158,-0.12777784171832546,-0.0011008089184111158,-0.04829548460732333,russia_ukraine_war,Gold
2022-02-22,-2,0.0039424973379259,-4.64516011538433e-06,0.003947142498041284,0.45816975218766726,0.0028463335796301685,0.12487640432705654,russia_ukraine_war,Gold
2022-02-23,-1,0.0016250236299235,-4.64516011538433e-06,0.0016296687900388843,0.18916594626381325,0.004476002369669053,0.19637441151795051,russia_ukraine_war,Gold
2022-02-24,0,0.0082936211860425,-4.64516011538433e-06,0.008298266346157884,0.963232170435477,0.012774268715826938,0.5604419512021297,russia_ukraine_war,Gold
2022-02-25,1,-0.020254641338243,-4.64516011538433e-06,-0.020249996178127616,-2.350544915806305,-0.007475727462300678,-0.3279805191851188,russia_ukraine_war,Gold
2022-02-28,2,0.0068147992580523,-4.64516011538433e-06,0.0068194444181676845,0.7915759719037079,-0.0006562830441329938,-0.02879292411776698,russia_ukraine_war,Gold
2022-03-01,3,0.0223862747717803,-4.64516011538433e-06,0.022390919931895684,2.599055453797616,0.02173463688776269,0.9535577007986068,russia_ukraine_war,Gold
2022-02-18,-3,0.0104720795481299,0.001324682519272417,0.009147397028857482,0.9476607479942482,0.009147397028857482,0.3581820952071761,russia_ukraine_war,TLT
2022-02-22,-2,0.0026009740887413,0.002131440500080301,0.00046953358866099913,0.048643187830940994,0.009616930617518482,0.37656749206118656,russia_ukraine_war,TLT
2022-02-23,-1,-0.0138775339961856,0.004385320901980986,-0.018262854898166585,-1.892012632523574,-0.008645924280648103,-0.33854606551738675,russia_ukraine_war,TLT
2022-02-24,0,0.0006583404712762,-0.004596305114681125,0.005254645585957325,0.5443757771444355,-0.003391278694690778,-0.13279136179000167,russia_ukraine_war,TLT
2022-02-25,1,0.0007308204166058,-0.006552222749439888,0.007283043166045688,0.7545156411857747,0.0038917644713549098,0.15238874490799886,russia_ukraine_war,TLT
2022-02-28,2,0.0216818503332085,4.947088791140263e-05,0.021632379445297098,2.2410918451832122,0.025524143916652007,0.9994418431379484,russia_ukraine_war,TLT
2022-03-01,3,0.0101719264066377,0.0035821915392468223,0.006589734867390878,0.6826896278596756,0.032113878784042885,1.257474268560796,russia_ukraine_war,TLT
2022-02-18,-3,0.0025020640534997,0.0003669877810697968,0.002135076272429903,0.6480314980308783,0.002135076272429903,0.244932883646621,russia_ukraine_war,DXY
2022-02-22,-2,-0.0001041509476274,0.0003669877810697968,-0.0004711387286971968,-0.1429985148917118,0.001663937543732706,0.19088452532447303,russia_ukraine_war,DXY
2022-02-23,-1,0.0016647976074093,0.0003669877810697968,0.0012978098263395031,0.39390707338282877,0.0029617473700722092,0.3397674047302209,russia_ukraine_war,DXY
2022-02-24,0,0.0098278030887775,0.0003669877810697968,0.009460815307707704,2.8715162992607204,0.012422562677779914,1.4250985495177053,russia_ukraine_war,DXY
2022-02-25,1,-0.0053674430814821,0.0003669877810697968,-0.005734430862551897,-1.7404960516866084,0.006688131815228017,0.7672528765673359,russia_ukraine_war,DXY
2022-02-28,2,0.000931012709242,0.0003669877810697968,0.0005640249281722033,0.17119103605334615,0.00725215674340022,0.8319570062931424,russia_ukraine_war,DXY
2022-03-01,3,0.0072121121155197,0.0003669877810697968,0.006845124334449904,2.0776101696885982,0.014097281077850124,1.6172198391981047,russia_ukraine_war,DXY
2022-02-18,-3,-0.0123713819041659,-0.009666804923271419,-0.0027045769808944804,-0.5785673256938545,-0.0027045769808944804,-0.21867789435623564,russia_ukraine_war,NASDAQ
2022-02-22,-2,-0.0123695092126878,-0.013402535867941733,0.001033026655253932,0.22098667315546947,-0.0016715503256405483,-0.13515278289496627,russia_ukraine_war,NASDAQ
2022-02-23,-1,-0.0260455443244121,-0.023839235551451177,-0.002206308772960925,-0.47197701357523125,-0.0038778590986014733,-0.3135433261033974,russia_ukraine_war,NASDAQ
2022-02-24,0,0.0329023902190326,0.017750608047369946,0.015151782171662655,3.2412928722241117,0.011273923073061182,0.9115502262153534,russia_ukraine_war,NASDAQ
2022-02-25,1,0.0162716020298047,0.026807577060651604,-0.010535975030846904,-2.2538722100482698,0.0007379480422142776,0.05966660411431687,russia_ukraine_war,NASDAQ
2022-02-28,2,0.004137601983257,-0.003761877218052613,0.007899479201309614,1.689868910429155,0.008637427243523892,0.6983770162993495,russia_ukraine_war,NASDAQ
2022-03-01,3,-0.0160494245664628,-0.020120307094201942,0.004070882527739142,0.8708495391057112,0.012708309771263034,1.027527203417768,russia_ukraine_war,NASDAQ
2023-10-04,-3,0.0133777193024828,0.004226936413630188,0.009150782888852613,0.3687321422700522,0.009150782888852613,0.13936764983466365,israel_hamas_war,BTC
2023-10-05,-2,-0.0138906622558427,-0.0026145370675729105,-0.011276125188269788,-0.4543731227894269,-0.0021253422994171756,-0.03236924806999895,israel_hamas_war,BTC
2023-10-06,-1,0.0191718837881559,0.0053687647675970465,0.013803119020558852,0.556198710894926,0.011677776721141677,0.17785410458181328,israel_hamas_war,BTC
2023-10-09,0,-0.0130712511908063,-0.00020777470410035027,-0.01286347648670595,-0.5183356768043986,-0.0011856997655642736,-0.01805836634344236,israel_hamas_war,BTC
2023-10-10,1,-0.0070090060125914,0.0006707056560563223,-0.007679711668647723,-0.30945511110818813,-0.008865411434211996,-0.13502140433346055,israel_hamas_war,BTC
2023-10-11,2,-0.0190812208422717,0.0012790009663773134,-0.020360221808649014,-0.8204181320640997,-0.02922563324286101,-0.4451103112662826,israel_hamas_war,BTC
2023-10-12,3,-0.0043453816471778,-0.004974080613725009,0.000628698966547209,0.025333517316897855,-0.028596934276313803,-0.43553514174413116,israel_hamas_war,BTC
2023-10-04,-3,-0.0033487861038289,-0.0002998237979124766,-0.003048962305916424,-0.4600457164429266,-0.003048962305916424,-0.17388093677550312,israel_hamas_war,Gold
2023-10-05,-2,-0.0010453767983573,-0.0002998237979124766,-0.0007455530004448234,-0.11249350756821527,-0.003794515306361247,-0.21639948608048312,israel_hamas_war,Gold
2023-10-06,-1,0.0074586151734713,-0.0002998237979124766,0.007758438971383777,1.17063979706898,0.0039639236650225295,0.22606076790232255,israel_hamas_war,Gold
2023-10-09,0,0.010490108470351,-0.0002998237979124766,0.010789932268263476,1.628049684671959,0.014753855933286006,0.8414057090021981,israel_hamas_war,Gold
2023-10-10,1,0.0061986453697419,-0.0002998237979124766,0.006498469167654377,0.9805279974155822,0.021252325100940384,1.2120104568161714,israel_hamas_war,Gold
2023-10-11,2,0.0063206856067081,-0.0002998237979124766,0.006620509404620577,0.9989421602082916,0.02787283450556096,1.5895751039659975,israel_hamas_war,Gold
2023-10-12,3,-0.0018706079095983,-0.0002998237979124766,-0.0015707841116858233,-0.23700932629945046,0.026302050393875138,1.4999939988529538,israel_hamas_war,Gold
2023-10-04,-3,0.0140091548613939,0.0001078570153399081,0.013901297846053992,1.3690416814156803,0.013901297846053992,0.517449117643944,israel_hamas_war,TLT
2023-10-05,-2,-0.004997398921082,-0.0010154067738807546,-0.003981992147201245,-0.39215858008077203,0.009919305698852746,0.36922710658766805,israel_hamas_war,TLT
2023-10-06,-1,-0.0121909949501349,0.0005470843268336191,-0.012738079276968519,-1.2544844132159516,-0.0028187735781157724,-0.1049234335517887,israel_hamas_war,TLT
2023-10-09,0,0.0231985441900653,-0.00010680981776156596,0.023305354007826865,2.2951814564508277,0.02048658042971109,0.762573616096199,israel_hamas_war,TLT
2023-10-10,1,-0.001383707733442,-0.00023726265879266974,-0.0011464450746493302,-0.11290536394730723,0.01934013535506176,0.71989939971194,israel_hamas_war,TLT
2023-10-11,2,0.0206710667231061,-0.00034629222081589714,0.021017358943922,2.0698528113093784,0.04035749429898376,1.5022302267451566,israel_hamas_war,TLT
2023-10-12,3,-0.0275026101775138,-0.0016093862553034333,-0.025893223922210367,-2.5500426800651628,0.014464270376773395,0.5384046890232901,israel_hamas_war,TLT
2023-10-04,-3,-0.0018708793613008,0.00015555450176061263,-0.0020264338630614125,-0.5311870006208421,-0.0020264338630614125,-0.20076981475900862,israel_hamas_war,DXY
2023-10-05,-2,-0.0044104722171209,0.00015555450176061263,-0.004566026718881512,-1.196887834223777,-0.006592460581942925,-0.6531508942725538,israel_hamas_war,DXY
2023-10-06,-1,-0.0027310928288673,0.00015555450176061263,-0.0028866473306279126,-0.7566738620770531,-0.009479107912570837,-0.9391467317923639,israel_hamas_war,DXY
2023-10-09,0,0.0003771536440087,0.00015555450176061263,0.0002215991422480874,0.05808755264930429,-0.00925750877032275,-0.9171917005668738,israel_hamas_war,DXY
2023-10-10,1,-0.0023594932911438,0.00015555450176061263,-0.0025150477929044126,-0.6592668617927041,-0.011772556563227163,-1.1663711525568004,israel_hamas_war,DXY
2023-10-11,2,-9.451581541042124e-05,0.00015555450176061263,-0.00025007031717103387,-0.06555067211604257,-0.012022626880398197,-1.1911469777985408,israel_hamas_war,DXY
2023-10-12,3,0.007062508777175,0.00015555450176061263,0.006906954275414387,1.810512739576876,-0.0051156726049838095,-0.5068374843078747,israel_hamas_war,DXY
2023-10-04,-3,0.013427607709577,0.010689963074746513,0.0027376446348304877,0.755776296178193,0.0027376446348304877,0.28565658949785633,israel_hamas_war,NASDAQ
2023-10-05,-2,-0.0012231469205094,-0.0012531635124602533,3.001659195085325e-05,0.008286622887383159,0.002767661226781341,0.2887886385505123,israel_hamas_war,NASDAQ
2023-10-06,-1,0.0158727895976024,0.015360056985071412,0.0005127326125309879,0.14154910754237934,0.0032803938393123288,0.34228917238769413,israel_hamas_war,NASDAQ
2023-10-09,0,0.0039308429234975,0.0084075133185904,-0.0044766703950929005,-1.2358657976890324,-0.0011962765557805718,-0.12482419254596919,israel_hamas_war,NASDAQ
2023-10-10,1,0.0058120751228719,0.007020470658578893,-0.0012083955357069928,-0.3335994345925923,-0.0024046720914875645,-0.2509129270379345,israel_hamas_war,NASDAQ
2023-10-11,2,0.0071147163387782,0.005861211476998251,0.0012535048617799494,0.34605267960064073,-0.0011511672297076152,-0.12011730835924739,israel_hamas_war,NASDAQ
2023-10-12,3,-0.0062760194674332,-0.007568663224025236,0.001292643756592036,0.3568576791178328,0.00014147652688442083,0.014762216267820184,israel_hamas_war,NASDAQ
2024-03-26,-3,0.000414778606564,0.005842487266589182,-0.005427708660025182,-0.18044783275875498,-0.005427708660025182,-0.06820287001431999,israel_iran,BTC
2024-03-27,-2,-0.0076374445429517,0.0069693894397666835,-0.014606833982718384,-0.4856140409784333,-0.020034542642743566,-0.2517477250986148,israel_iran,BTC
2024-03-28,-1,0.0183971899718808,0.006202673139115404,0.012194516832765396,0.40541493139067336,-0.00784002580997817,-0.09851528420546694,israel_iran,BTC
2024-04-01,0,-0.0148500586978419,0.006478512926534965,-0.021328571624376864,-0.7090827394263324,-0.029168597434355036,-0.3665233681326798,israel_iran,BTC
2024-04-02,1,-0.0629909043698857,0.005193080588323497,-0.06818398495820921,-2.2668225369538013,-0.09735258239256425,-1.223301753717863,israel_iran,BTC
2024-04-03,2,0.0081237430733199,0.006625421931547052,0.0014983211417728473,0.04981269624893227,-0.09585426125079141,-1.2044743242309663,israel_iran,BTC
2024-04-04,3,0.0375988627118614,0.0046439223523352035,0.032954940359526196,1.095609204371507,-0.06289932089126521,-0.7903729686766311,israel_iran,BTC
2024-03-26,-3,0.0003678047123048,0.0011156037127339625,-0.0007477990004291625,-0.09194703287679114,-0.0007477990004291625,-0.03475271182603845,israel_iran,Gold
2024-03-27,-2,0.0068709900334791,0.0011156037127339625,0.005755386320745137,0.7076643522503829,0.005007587320315975,0.23271927213969365,israel_iran,Gold
2024-03-28,-1,0.0121597708280425,0.0011156037127339625,0.011044167115308538,1.3579563442385798,0.016051754435624514,0.7459785261593652,israel_iran,Gold
2024-04-01,0,0.0085768495755336,0.0011156037127339625,0.0074612458627996365,0.9174115213512473,0.02351300029842415,1.0927274883594829,israel_iran,Gold
2024-04-02,1,0.0108950494050669,0.0011156037127339625,0.009779445692332939,1.2024501424496203,0.03329244599075709,1.547210922770324,israel_iran,Gold
2024-04-03,2,0.0146641355644599,0.0011156037127339625,0.013548531851725939,1.6658852216811755,0.046840977842483034,2.1768563526769094,israel_iran,Gold
2024-04-04,3,-0.0024436447730251,0.0011156037127339625,-0.0035592484857590624,-0.43763409331777847,0.043281729356723975,2.011446213225184,israel_iran,Gold
2024-03-26,-3,0.0027765343395821,-0.0012767938239589393,0.004053328163541039,0.3461892761400027,0.004053328163541039,0.13084724731770198,israel_iran,TLT
2024-03-27,-2,0.009869028334622,0.003791657890723496,0.006077370443898504,0.5190599896974191,0.010130698607439544,0.32703348278386185,israel_iran,TLT
2024-03-28,-1,-0.0008450687359993,0.00046626769872644435,-0.0013113364347257443,-0.11199947124861533,0.008819362172713799,0.28470166165606686,israel_iran,TLT
2024-04-01,0,-0.0221198272368428,-0.0009263179718133322,-0.02119350926502947,-1.8101089611548566,-0.012374147092315671,-0.39945521793610816,israel_iran,TLT
2024-04-02,1,-0.005525796879434,-0.0032609220784810154,-0.0022648748009529845,-0.19343989340469986,-0.014639021893268656,-0.4725686253057767,israel_iran,TLT
2024-04-03,2,-0.0002173668673806,0.00045500100174118073,-0.0006723678691217807,-0.05742603029400845,-0.015311389762390437,-0.4942736245828635,israel_iran,TLT
2024-04-04,3,0.0071467946101217,-0.0055492206466999875,0.012696015256821687,1.0843494911553884,-0.0026153745055687502,-0.08442804060049343,israel_iran,TLT
2024-03-26,-3,0.0005754609535789,-0.00023727665175505373,0.0008127376053339537,0.19679115006825654,0.0008127376053339537,0.07438006332842832,israel_iran,DXY
2024-03-27,-2,0.000575129988718,-0.00023727665175505373,0.0008124066404730537,0.19671101232739008,0.0016251442458070074,0.14872983743786192,israel_iran,DXY
2024-03-28,-1,0.0019148361635917,-0.00023727665175505373,0.0021521128153467535,0.5210990032074351,0.003777257061153761,0.3456867475707937,israel_iran,DXY
2024-04-01,0,0.0044853211809052,-0.00023727665175505373,0.0047225978326602535,1.1435000087355267,0.008499854893814014,0.7778891257585637,israel_iran,DXY
2024-04-02,1,-0.0019061857824119,-0.00023727665175505373,-0.0016689091306568461,-0.40409911517066394,0.006830945763157167,0.6251540166495887,israel_iran,DXY
2024-04-03,2,-0.0054527297836823,-0.00023727665175505373,-0.005215453131927247,-1.2628368777612111,0.0016154926312299204,0.14784654164995467,israel_iran,DXY
2024-04-04,3,-0.0012477541735412,-0.00023727665175505373,-0.0010104775217861463,-0.24467064440645492,0.0006050151094437741,0.05536973047604091,israel_iran,DXY
2024-03-26,-3,-0.0042061314856176,-0.003992476248520997,-0.00021365523709660286,-0.07099378763079782,-0.00021365523709660286,-0.02683312952880349,israel_iran,NASDAQ
2024-03-27,-2,0.005124191128412,0.010703169235937442,-0.005578978107525442,-1.8537939549005755,-0.005792633344622045,-0.7275013847604906,israel_iran,NASDAQ
2024-03-28,-1,-0.0012239290623057,0.001061417057945994,-0.0022853461202516938,-0.7593793596112894,-0.00807797946487374,-1.014519804230056,israel_iran,NASDAQ
2024-04-01,0,0.0010599197647428,-0.002976294352366145,0.004036214117108945,1.3411612640831292,-0.0040417653477647945,-0.5076084938304871,israel_iran,NASDAQ
2024-04-02,1,-0.0095829724928891,-0.00974532683594751,0.00016235434305840978,0.053947424405117496,-0.0038794110047063847,-0.4872182839950018,israel_iran,NASDAQ
2024-04-03,2,0.0022762706107119,0.0010287500041795312,0.0012475206065323686,0.41452863130688633,-0.002631890398174016,-0.33054118831585827,israel_iran,NASDAQ
2024-04-04,3,-0.014129794417524,-0.01638009942808353,0.0022503050105595283,0.7477358299059619,-0.00038158538761448764,-0.047923609415334224,israel_iran,NASDAQ
2026-02-25,-3,0.0587881628108732,0.014812713319757503,0.043975449491115697,2.0986414609320763,0.043975449491115697,0.7932119138165069,us_israel_iran,BTC
2026-02-26,-2,-0.0074786108124004,-0.020708545163267394,0.013229934350866994,0.6313724834068671,0.05720538384198269,1.0318482817799106,us_israel_iran,BTC
2026-02-27,-1,-0.0235803453997585,-0.01683555353314862,-0.006744791866609881,-0.32188186864319923,0.05046059197537281,0.9101883709269584,us_israel_iran,BTC
2026-03-02,0,0.0429905086879988,0.0017491401631508485,0.04124136852484795,1.9681628475295245,0.09170196050022075,1.654084004389795,us_israel_iran,BTC
2026-03-03,1,-0.0070359214012543,-0.01833242114343928,0.011296499742184978,0.5391031358792014,0.10299846024240573,1.857845837039999,us_israel_iran,BTC
2026-03-04,2,0.0626701105436228,0.015244263216300177,0.04742584732732262,2.263304881990162,0.15042430756972835,2.713294674020622,us_israel_iran,BTC
2026-03-05,3,-0.026047184090688,-0.007149300158591436,-0.018897883932096564,-0.9018641810993285,0.13152642363763178,2.372422054085516,us_israel_iran,BTC
2026-02-25,-3,0.0097663626026182,0.0032256387387660265,0.006540723863852174,0.4473194239440253,0.006540723863852174,0.16907085033779462,us_israel_iran,Gold
2026-02-26,-2,-0.005759467061588,0.0032256387387660265,-0.008985105800354026,-0.6144904500407022,-0.0024443819365018524,-0.06318470878104226,us_israel_iran,Gold
2026-02-27,-1,0.0103777235776477,0.0032256387387660265,0.007152084838881674,0.4891303373634752,0.004707702902379821,0.12168918141336915,us_israel_iran,Gold
2026-03-02,0,0.0121427639383351,0.0032256387387660265,0.008917125199569073,0.6098412638320393,0.013624828101948894,0.352187513316927,us_israel_iran,Gold
2026-03-03,1,-0.0359591903930027,0.0032256387387660265,-0.039184829131768725,-2.6798463838900872,-0.025560001029819833,-0.660699212915773,us_israel_iran,Gold
2026-03-04,2,0.0025030895869677,0.0032256387387660265,-0.0007225491517983264,-0.04941506125031794,-0.02628255018161816,-0.6793763504999681,us_israel_iran,Gold
2026-03-05,3,-0.0107802115364093,0.0032256387387660265,-0.014005850275175327,-0.9578586418488331,-0.04028840045679349,-1.0414128872836963,us_israel_iran,Gold
2026-02-25,-3,0.0001112522768721,0.00019388792285554153,-8.263564598344153e-05,-0.014780800054927948,-8.263564598344153e-05,-0.0055866173034155985,us_israel_iran,TLT
2026-02-26,-2,0.003995931394848,-0.00034695621825533903,0.004342887613103339,0.7767998023899559,0.004260251967119898,0.2880161106405759,us_israel_iran,TLT
2026-02-27,-1,0.0060743801872145,-0.00030559178555526246,0.006379971972769762,1.1411672161968704,0.01064022393988966,0.7193367761258329,us_israel_iran,TLT
2026-03-02,0,-0.0134125946022511,-0.00011517885699298726,-0.013297415745258112,-2.3784704656062674,-0.002657191805368452,-0.1796405599750512,us_israel_iran,TLT
2026-03-03,1,-0.0020107279367832,-0.0005117703278485518,-0.0014989576089346481,-0.2681142313925334,-0.0041561494143031,-0.28097821414960406,us_israel_iran,TLT
2026-03-04,2,-0.0031358383455348,0.00017875345952326162,-0.003314591805058062,-0.5928714920929277,-0.007470741219361162,-0.5050625752207017,us_israel_iran,TLT
2026-03-05,3,-0.00404632006962,-0.0003582950163953815,-0.0036880250532246184,-0.6596664219240345,-0.01115876627258578,-0.7543930467451019,us_israel_iran,TLT
2026-02-25,-3,-0.0018406827010329,6.333133021790208e-05,-0.0019040140312508022,-0.6362784263082021,-0.0019040140312508022,-0.24049064008672,us_israel_iran,DXY
2026-02-26,-2,0.000920803873631,6.333133021790208e-05,0.0008574725434130979,0.2865479306194832,-0.0010465414878377043,-0.13218570249824244,us_israel_iran,DXY
2026-02-27,-1,-0.0018423782465261,6.333133021790208e-05,-0.0019057095767440022,-0.6368450392640103,-0.0029522510645817067,-0.3728905021522047,us_israel_iran,DXY
2026-03-02,0,0.0078575500092648,6.333133021790208e-05,0.007794218679046898,2.604651601305716,0.004841967614465191,0.61157526770795,us_israel_iran,DXY
2026-03-03,1,0.0067873005057352,6.333133021790208e-05,0.0067239691755172975,2.2469984229750946,0.011565936789982488,1.4608608425002962,us_israel_iran,DXY
2026-03-04,2,-0.0028309230221806,6.333133021790208e-05,-0.002894254352398502,-0.9671943454481869,0.008671682437583986,1.0952957414254676,us_israel_iran,DXY
2026-03-05,3,0.0055530766346594,6.333133021790208e-05,0.005489745304441498,1.8345487196059267,0.014161427742025483,1.7886899814410742,us_israel_iran,DXY
2026-02-25,-3,0.0125350170622583,0.010745865833754305,0.0017891512285039945,0.6054758198631894,0.0017891512285039945,0.22884834917442018,us_israel_iran,NASDAQ
2026-02-26,-2,-0.0118922313107895,-0.007298638355676912,-0.004593592955112588,-1.554541291034502,-0.002804441726608593,-0.3587130306625191,us_israel_iran,NASDAQ
2026-02-27,-1,-0.0092288535889428,-0.005918572228646511,-0.0033102813602962885,-1.1202492492929892,-0.006114723086904882,-0.7821274478105261,us_israel_iran,NASDAQ
2026-03-02,0,0.0035514629945327,0.0004342873587876332,0.003117175635745067,1.054899353191311,-0.0029975474511598145,-0.3834129697037977,us_israel_iran,NASDAQ
2026-03-03,1,-0.010258219057951,-0.012797429347335998,0.002539210289384997,0.8593071436761417,-0.00045833716177481757,-0.05862539799118052,us_israel_iran,NASDAQ
2026-03-04,2,0.012831785165597,0.01024092574797804,0.0025908594176189594,0.8767859893793224,0.002132522255844142,0.2727685564264489,us_israel_iran,NASDAQ
2026-03-05,3,-0.0025678137753435,-0.007676941410085269,0.005109127634741769,1.7290060192494476,0.007241649890585912,0.9262714053218483,us_israel_iran,NASDAQ
