범위,이벤트,모델,τ,변수,β,SE,p,n,유효n,BW,방법
전체합산,전체,SP500+GPR,0.01,SP500_z,0.02682,0.00384,0.0,1800,18.0,7,HAC(bw=7)
전체합산,전체,SP500+GPR,0.01,GPR_custom_z,0.01,0.00577,0.0834,1800,18.0,7,HAC(bw=7)
전체합산,전체,SP500+GPR,0.025,SP500_z,0.02136,0.00251,0.0,1800,45.0,7,HAC(bw=7)
전체합산,전체,SP500+GPR,0.025,GPR_custom_z,0.00243,0.00441,0.5814,1800,45.0,7,HAC(bw=7)
전체합산,전체,SP500+GPR,0.05,SP500_z,0.01766,0.00186,0.0,1800,90.0,7,HAC(bw=7)
전체합산,전체,SP500+GPR,0.05,GPR_custom_z,0.00235,0.00319,0.4609,1800,90.0,7,HAC(bw=7)
전체합산,전체,SP500+GPR,0.1,SP500_z,0.01575,0.00166,0.0,1800,180.0,7,HAC(bw=7)
전체합산,전체,SP500+GPR,0.1,GPR_custom_z,0.00083,0.00251,0.7421,1800,180.0,7,HAC(bw=7)
전체합산,전체,SP500+GPR,0.2,SP500_z,0.01339,0.00166,0.0,1800,360.0,7,HAC(bw=7)
전체합산,전체,SP500+GPR,0.2,GPR_custom_z,0.001,0.00161,0.5357,1800,360.0,7,HAC(bw=7)
전체합산,전체,SP500+GPR,0.25,SP500_z,0.01219,0.00175,0.0,1800,450.0,7,HAC(bw=7)
전체합산,전체,SP500+GPR,0.25,GPR_custom_z,0.00041,0.00145,0.776,1800,450.0,7,HAC(bw=7)
전체합산,전체,SP500+GPR,0.5,SP500_z,0.01099,0.00197,0.0,1800,900.0,7,HAC(bw=7)
전체합산,전체,SP500+GPR,0.5,GPR_custom_z,0.00069,0.00089,0.4376,1800,900.0,7,HAC(bw=7)
전체합산,전체,SP500+GPR,0.75,SP500_z,0.00981,0.00229,0.0,1800,1350.0,7,HAC(bw=7)
전체합산,전체,SP500+GPR,0.75,GPR_custom_z,0.00039,0.00119,0.7418,1800,1350.0,7,HAC(bw=7)
전체합산,전체,SP500+GPR,0.9,SP500_z,0.0091,0.0027,0.0007,1800,1620.0,7,HAC(bw=7)
전체합산,전체,SP500+GPR,0.9,GPR_custom_z,0.00214,0.0025,0.392,1800,1620.0,7,HAC(bw=7)
전체합산,전체,SP500+GPR,0.95,SP500_z,0.00976,0.0029,0.0008,1800,1710.0,7,HAC(bw=7)
전체합산,전체,SP500+GPR,0.95,GPR_custom_z,-0.0001,0.00335,0.9764,1800,1710.0,7,HAC(bw=7)
전체합산,전체,Gold+GPR,0.01,Gold_z,0.01769,0.00366,0.0,1800,18.0,7,HAC(bw=7)
전체합산,전체,Gold+GPR,0.01,GPR_custom_z,0.00743,0.00708,0.2941,1800,18.0,7,HAC(bw=7)
전체합산,전체,Gold+GPR,0.025,Gold_z,0.00736,0.00217,0.0007,1800,45.0,7,HAC(bw=7)
전체합산,전체,Gold+GPR,0.025,GPR_custom_z,-0.00256,0.00516,0.6194,1800,45.0,7,HAC(bw=7)
전체합산,전체,Gold+GPR,0.05,Gold_z,0.00614,0.00172,0.0004,1800,90.0,7,HAC(bw=7)
전체합산,전체,Gold+GPR,0.05,GPR_custom_z,-0.00026,0.00365,0.9442,1800,90.0,7,HAC(bw=7)
전체합산,전체,Gold+GPR,0.1,Gold_z,0.00426,0.00141,0.0025,1800,180.0,7,HAC(bw=7)
전체합산,전체,Gold+GPR,0.1,GPR_custom_z,0.00035,0.0026,0.8931,1800,180.0,7,HAC(bw=7)
전체합산,전체,Gold+GPR,0.2,Gold_z,0.00362,0.00122,0.0029,1800,360.0,7,HAC(bw=7)
전체합산,전체,Gold+GPR,0.2,GPR_custom_z,0.00142,0.00165,0.3882,1800,360.0,7,HAC(bw=7)
전체합산,전체,Gold+GPR,0.25,Gold_z,0.00257,0.00117,0.0286,1800,450.0,7,HAC(bw=7)
전체합산,전체,Gold+GPR,0.25,GPR_custom_z,0.00062,0.00146,0.6689,1800,450.0,7,HAC(bw=7)
전체합산,전체,Gold+GPR,0.5,Gold_z,0.00377,0.00112,0.0007,1800,900.0,7,HAC(bw=7)
전체합산,전체,Gold+GPR,0.5,GPR_custom_z,0.00075,0.0009,0.4041,1800,900.0,7,HAC(bw=7)
전체합산,전체,Gold+GPR,0.75,Gold_z,0.00356,0.00119,0.0027,1800,1350.0,7,HAC(bw=7)
전체합산,전체,Gold+GPR,0.75,GPR_custom_z,0.00113,0.00126,0.3709,1800,1350.0,7,HAC(bw=7)
전체합산,전체,Gold+GPR,0.9,Gold_z,0.00147,0.0015,0.3298,1800,1620.0,7,HAC(bw=7)
전체합산,전체,Gold+GPR,0.9,GPR_custom_z,0.00137,0.00253,0.5869,1800,1620.0,7,HAC(bw=7)
전체합산,전체,Gold+GPR,0.95,Gold_z,0.00452,0.0018,0.0122,1800,1710.0,7,HAC(bw=7)
전체합산,전체,Gold+GPR,0.95,GPR_custom_z,-0.00154,0.0035,0.6599,1800,1710.0,7,HAC(bw=7)
이벤트별,호르무즈 위기,SP500+GPR,0.01,SP500_z,-0.00296,0.01641,0.857,183,1.8,4,HAC(bw=4)
이벤트별,호르무즈 위기,SP500+GPR,0.01,GPR_custom_z,-0.04598,0.0312,0.1423,183,1.8,4,HAC(bw=4)
이벤트별,호르무즈 위기,SP500+GPR,0.025,SP500_z,0.00517,0.01263,0.6831,183,4.6,4,HAC(bw=4)
이벤트별,호르무즈 위기,SP500+GPR,0.025,GPR_custom_z,-0.01308,0.01674,0.4358,183,4.6,4,HAC(bw=4)
이벤트별,호르무즈 위기,SP500+GPR,0.05,SP500_z,0.00605,0.0114,0.5965,183,9.2,4,HAC(bw=4)
이벤트별,호르무즈 위기,SP500+GPR,0.05,GPR_custom_z,-0.00345,0.01246,0.7819,183,9.2,4,HAC(bw=4)
이벤트별,호르무즈 위기,SP500+GPR,0.1,SP500_z,0.00689,0.00987,0.4862,183,18.3,4,HAC(bw=4)
이벤트별,호르무즈 위기,SP500+GPR,0.1,GPR_custom_z,-0.00606,0.00964,0.5303,183,18.3,4,HAC(bw=4)
이벤트별,호르무즈 위기,SP500+GPR,0.2,SP500_z,0.00111,0.00823,0.8924,183,36.6,4,HAC(bw=4)
이벤트별,호르무즈 위기,SP500+GPR,0.2,GPR_custom_z,-0.00579,0.00703,0.4111,183,36.6,4,HAC(bw=4)
이벤트별,호르무즈 위기,SP500+GPR,0.25,SP500_z,0.00386,0.00805,0.6325,183,45.8,4,HAC(bw=4)
이벤트별,호르무즈 위기,SP500+GPR,0.25,GPR_custom_z,-0.00019,0.00526,0.9711,183,45.8,4,HAC(bw=4)
이벤트별,호르무즈 위기,SP500+GPR,0.5,SP500_z,-0.00146,0.00713,0.8379,183,91.5,4,HAC(bw=4)
이벤트별,호르무즈 위기,SP500+GPR,0.5,GPR_custom_z,0.00313,0.00397,0.4308,183,91.5,4,HAC(bw=4)
이벤트별,호르무즈 위기,SP500+GPR,0.75,SP500_z,-0.0055,0.00663,0.4083,183,137.2,4,HAC(bw=4)
이벤트별,호르무즈 위기,SP500+GPR,0.75,GPR_custom_z,0.01578,0.00658,0.0174,183,137.2,4,HAC(bw=4)
이벤트별,호르무즈 위기,SP500+GPR,0.9,SP500_z,-0.02398,0.00893,0.0079,183,164.7,4,HAC(bw=4)
이벤트별,호르무즈 위기,SP500+GPR,0.9,GPR_custom_z,0.01966,0.01088,0.0726,183,164.7,4,HAC(bw=4)
이벤트별,호르무즈 위기,SP500+GPR,0.95,SP500_z,-0.02767,0.01134,0.0157,183,173.8,4,HAC(bw=4)
이벤트별,호르무즈 위기,SP500+GPR,0.95,GPR_custom_z,0.01024,0.01328,0.442,183,173.8,4,HAC(bw=4)
이벤트별,호르무즈 위기,Gold+GPR,0.01,Gold_z,0.01485,0.01586,0.3502,183,1.8,4,HAC(bw=4)
이벤트별,호르무즈 위기,Gold+GPR,0.01,GPR_custom_z,-0.03736,0.02797,0.1833,183,1.8,4,HAC(bw=4)
이벤트별,호르무즈 위기,Gold+GPR,0.025,Gold_z,0.04153,0.01081,0.0002,183,4.6,4,HAC(bw=4)
이벤트별,호르무즈 위기,Gold+GPR,0.025,GPR_custom_z,-0.01516,0.01725,0.3808,183,4.6,4,HAC(bw=4)
이벤트별,호르무즈 위기,Gold+GPR,0.05,Gold_z,0.02357,0.00792,0.0033,183,9.2,4,HAC(bw=4)
이벤트별,호르무즈 위기,Gold+GPR,0.05,GPR_custom_z,-0.00618,0.01155,0.5934,183,9.2,4,HAC(bw=4)
이벤트별,호르무즈 위기,Gold+GPR,0.1,Gold_z,0.02788,0.00672,0.0001,183,18.3,4,HAC(bw=4)
이벤트별,호르무즈 위기,Gold+GPR,0.1,GPR_custom_z,-0.0086,0.00987,0.3846,183,18.3,4,HAC(bw=4)
이벤트별,호르무즈 위기,Gold+GPR,0.2,Gold_z,0.01309,0.00627,0.0382,183,36.6,4,HAC(bw=4)
이벤트별,호르무즈 위기,Gold+GPR,0.2,GPR_custom_z,-0.00626,0.00688,0.3642,183,36.6,4,HAC(bw=4)
이벤트별,호르무즈 위기,Gold+GPR,0.25,Gold_z,0.0135,0.00613,0.029,183,45.8,4,HAC(bw=4)
이벤트별,호르무즈 위기,Gold+GPR,0.25,GPR_custom_z,-0.00153,0.00517,0.7685,183,45.8,4,HAC(bw=4)
이벤트별,호르무즈 위기,Gold+GPR,0.5,Gold_z,0.00834,0.0067,0.2153,183,91.5,4,HAC(bw=4)
이벤트별,호르무즈 위기,Gold+GPR,0.5,GPR_custom_z,0.00075,0.00396,0.8491,183,91.5,4,HAC(bw=4)
이벤트별,호르무즈 위기,Gold+GPR,0.75,Gold_z,0.01113,0.00777,0.1538,183,137.2,4,HAC(bw=4)
이벤트별,호르무즈 위기,Gold+GPR,0.75,GPR_custom_z,0.01415,0.00633,0.0265,183,137.2,4,HAC(bw=4)
이벤트별,호르무즈 위기,Gold+GPR,0.9,Gold_z,0.03304,0.01161,0.0049,183,164.7,4,HAC(bw=4)
이벤트별,호르무즈 위기,Gold+GPR,0.9,GPR_custom_z,0.01879,0.01197,0.1183,183,164.7,4,HAC(bw=4)
이벤트별,호르무즈 위기,Gold+GPR,0.95,Gold_z,0.03026,0.01448,0.0381,183,173.8,4,HAC(bw=4)
이벤트별,호르무즈 위기,Gold+GPR,0.95,GPR_custom_z,0.03413,0.0185,0.0667,183,173.8,4,HAC(bw=4)
이벤트별,솔레이마니 암살,SP500+GPR,0.01,SP500_z,0.03225,0.00893,0.0004,309,3.1,5,HAC(bw=5)
이벤트별,솔레이마니 암살,SP500+GPR,0.01,GPR_custom_z,0.02177,0.00991,0.0287,309,3.1,5,HAC(bw=5)
이벤트별,솔레이마니 암살,SP500+GPR,0.025,SP500_z,0.01821,0.00356,0.0,309,7.7,5,HAC(bw=5)
이벤트별,솔레이마니 암살,SP500+GPR,0.025,GPR_custom_z,0.01076,0.00669,0.1085,309,7.7,5,HAC(bw=5)
이벤트별,솔레이마니 암살,SP500+GPR,0.05,SP500_z,0.01478,0.0031,0.0,309,15.5,5,HAC(bw=5)
이벤트별,솔레이마니 암살,SP500+GPR,0.05,GPR_custom_z,0.00558,0.00608,0.3593,309,15.5,5,HAC(bw=5)
이벤트별,솔레이마니 암살,SP500+GPR,0.1,SP500_z,0.01299,0.00326,0.0001,309,30.9,5,HAC(bw=5)
이벤트별,솔레이마니 암살,SP500+GPR,0.1,GPR_custom_z,0.00505,0.00495,0.3079,309,30.9,5,HAC(bw=5)
이벤트별,솔레이마니 암살,SP500+GPR,0.2,SP500_z,0.0079,0.00466,0.091,309,61.8,5,HAC(bw=5)
이벤트별,솔레이마니 암살,SP500+GPR,0.2,GPR_custom_z,0.00103,0.00405,0.7999,309,61.8,5,HAC(bw=5)
이벤트별,솔레이마니 암살,SP500+GPR,0.25,SP500_z,0.00856,0.00452,0.0591,309,77.2,5,HAC(bw=5)
이벤트별,솔레이마니 암살,SP500+GPR,0.25,GPR_custom_z,0.00036,0.00398,0.9284,309,77.2,5,HAC(bw=5)
이벤트별,솔레이마니 암살,SP500+GPR,0.5,SP500_z,0.00644,0.00544,0.2375,309,154.5,5,HAC(bw=5)
이벤트별,솔레이마니 암살,SP500+GPR,0.5,GPR_custom_z,0.00035,0.00241,0.8863,309,154.5,5,HAC(bw=5)
이벤트별,솔레이마니 암살,SP500+GPR,0.75,SP500_z,0.00497,0.00621,0.4242,309,231.8,5,HAC(bw=5)
이벤트별,솔레이마니 암살,SP500+GPR,0.75,GPR_custom_z,0.00427,0.00246,0.083,309,231.8,5,HAC(bw=5)
이벤트별,솔레이마니 암살,SP500+GPR,0.9,SP500_z,0.00837,0.00586,0.1544,309,278.1,5,HAC(bw=5)
이벤트별,솔레이마니 암살,SP500+GPR,0.9,GPR_custom_z,0.00022,0.0045,0.9616,309,278.1,5,HAC(bw=5)
이벤트별,솔레이마니 암살,SP500+GPR,0.95,SP500_z,0.01409,0.00499,0.005,309,293.6,5,HAC(bw=5)
이벤트별,솔레이마니 암살,SP500+GPR,0.95,GPR_custom_z,-0.00185,0.00621,0.7658,309,293.6,5,HAC(bw=5)
이벤트별,솔레이마니 암살,Gold+GPR,0.01,Gold_z,0.03938,0.00978,0.0001,309,3.1,5,HAC(bw=5)
이벤트별,솔레이마니 암살,Gold+GPR,0.01,GPR_custom_z,0.01843,0.01137,0.1061,309,3.1,5,HAC(bw=5)
이벤트별,솔레이마니 암살,Gold+GPR,0.025,Gold_z,0.02597,0.00603,0.0,309,7.7,5,HAC(bw=5)
이벤트별,솔레이마니 암살,Gold+GPR,0.025,GPR_custom_z,0.01403,0.00729,0.0552,309,7.7,5,HAC(bw=5)
이벤트별,솔레이마니 암살,Gold+GPR,0.05,Gold_z,0.01472,0.00354,0.0,309,15.5,5,HAC(bw=5)
이벤트별,솔레이마니 암살,Gold+GPR,0.05,GPR_custom_z,0.00707,0.00544,0.1953,309,15.5,5,HAC(bw=5)
이벤트별,솔레이마니 암살,Gold+GPR,0.1,Gold_z,0.01178,0.00297,0.0001,309,30.9,5,HAC(bw=5)
이벤트별,솔레이마니 암살,Gold+GPR,0.1,GPR_custom_z,0.00466,0.00463,0.3145,309,30.9,5,HAC(bw=5)
이벤트별,솔레이마니 암살,Gold+GPR,0.2,Gold_z,0.01012,0.00261,0.0001,309,61.8,5,HAC(bw=5)
이벤트별,솔레이마니 암살,Gold+GPR,0.2,GPR_custom_z,0.00068,0.00398,0.8645,309,61.8,5,HAC(bw=5)
이벤트별,솔레이마니 암살,Gold+GPR,0.25,Gold_z,0.00885,0.0026,0.0008,309,77.2,5,HAC(bw=5)
이벤트별,솔레이마니 암살,Gold+GPR,0.25,GPR_custom_z,0.00193,0.00297,0.5173,309,77.2,5,HAC(bw=5)
이벤트별,솔레이마니 암살,Gold+GPR,0.5,Gold_z,0.00761,0.00272,0.0055,309,154.5,5,HAC(bw=5)
이벤트별,솔레이마니 암살,Gold+GPR,0.5,GPR_custom_z,-0.00053,0.00246,0.829,309,154.5,5,HAC(bw=5)
이벤트별,솔레이마니 암살,Gold+GPR,0.75,Gold_z,0.00625,0.00307,0.0423,309,231.8,5,HAC(bw=5)
이벤트별,솔레이마니 암살,Gold+GPR,0.75,GPR_custom_z,0.00294,0.00199,0.1415,309,231.8,5,HAC(bw=5)
이벤트별,솔레이마니 암살,Gold+GPR,0.9,Gold_z,0.00528,0.00402,0.1902,309,278.1,5,HAC(bw=5)
이벤트별,솔레이마니 암살,Gold+GPR,0.9,GPR_custom_z,0.00051,0.0042,0.9027,309,278.1,5,HAC(bw=5)
이벤트별,솔레이마니 암살,Gold+GPR,0.95,Gold_z,0.00107,0.00528,0.8396,309,293.6,5,HAC(bw=5)
이벤트별,솔레이마니 암살,Gold+GPR,0.95,GPR_custom_z,0.00215,0.00738,0.7706,309,293.6,5,HAC(bw=5)
이벤트별,러-우 전쟁,SP500+GPR,0.01,SP500_z,0.04416,0.0062,0.0,475,4.8,5,HAC(bw=5)
이벤트별,러-우 전쟁,SP500+GPR,0.01,GPR_custom_z,0.01279,0.01087,0.2397,475,4.8,5,HAC(bw=5)
이벤트별,러-우 전쟁,SP500+GPR,0.025,SP500_z,0.03679,0.00444,0.0,475,11.9,5,HAC(bw=5)
이벤트별,러-우 전쟁,SP500+GPR,0.025,GPR_custom_z,0.00646,0.00818,0.4302,475,11.9,5,HAC(bw=5)
이벤트별,러-우 전쟁,SP500+GPR,0.05,SP500_z,0.0332,0.00369,0.0,475,23.8,5,HAC(bw=5)
이벤트별,러-우 전쟁,SP500+GPR,0.05,GPR_custom_z,0.00366,0.00709,0.6054,475,23.8,5,HAC(bw=5)
이벤트별,러-우 전쟁,SP500+GPR,0.1,SP500_z,0.0219,0.00237,0.0,475,47.5,5,HAC(bw=5)
이벤트별,러-우 전쟁,SP500+GPR,0.1,GPR_custom_z,0.00356,0.00457,0.4362,475,47.5,5,HAC(bw=5)
이벤트별,러-우 전쟁,SP500+GPR,0.2,SP500_z,0.01825,0.00212,0.0,475,95.0,5,HAC(bw=5)
이벤트별,러-우 전쟁,SP500+GPR,0.2,GPR_custom_z,2e-05,0.00324,0.9959,475,95.0,5,HAC(bw=5)
이벤트별,러-우 전쟁,SP500+GPR,0.25,SP500_z,0.01617,0.00219,0.0,475,118.8,5,HAC(bw=5)
이벤트별,러-우 전쟁,SP500+GPR,0.25,GPR_custom_z,0.00148,0.00251,0.5572,475,118.8,5,HAC(bw=5)
이벤트별,러-우 전쟁,SP500+GPR,0.5,SP500_z,0.01484,0.00241,0.0,475,237.5,5,HAC(bw=5)
이벤트별,러-우 전쟁,SP500+GPR,0.5,GPR_custom_z,-0.00035,0.00155,0.8197,475,237.5,5,HAC(bw=5)
이벤트별,러-우 전쟁,SP500+GPR,0.75,SP500_z,0.01765,0.00271,0.0,475,356.2,5,HAC(bw=5)
이벤트별,러-우 전쟁,SP500+GPR,0.75,GPR_custom_z,-0.00283,0.00216,0.1914,475,356.2,5,HAC(bw=5)
이벤트별,러-우 전쟁,SP500+GPR,0.9,SP500_z,0.01525,0.00354,0.0,475,427.5,5,HAC(bw=5)
이벤트별,러-우 전쟁,SP500+GPR,0.9,GPR_custom_z,-0.00629,0.00395,0.1121,475,427.5,5,HAC(bw=5)
이벤트별,러-우 전쟁,SP500+GPR,0.95,SP500_z,0.01806,0.00408,0.0,475,451.2,5,HAC(bw=5)
이벤트별,러-우 전쟁,SP500+GPR,0.95,GPR_custom_z,-0.00684,0.0057,0.2309,475,451.2,5,HAC(bw=5)
이벤트별,러-우 전쟁,Gold+GPR,0.01,Gold_z,0.02586,0.00979,0.0085,475,4.8,5,HAC(bw=5)
이벤트별,러-우 전쟁,Gold+GPR,0.01,GPR_custom_z,0.00591,0.01525,0.6987,475,4.8,5,HAC(bw=5)
이벤트별,러-우 전쟁,Gold+GPR,0.025,Gold_z,-0.0022,0.00609,0.7184,475,11.9,5,HAC(bw=5)
이벤트별,러-우 전쟁,Gold+GPR,0.025,GPR_custom_z,0.00704,0.00971,0.4691,475,11.9,5,HAC(bw=5)
이벤트별,러-우 전쟁,Gold+GPR,0.05,Gold_z,-0.00733,0.00484,0.1307,475,23.8,5,HAC(bw=5)
이벤트별,러-우 전쟁,Gold+GPR,0.05,GPR_custom_z,0.00279,0.00758,0.7128,475,23.8,5,HAC(bw=5)
이벤트별,러-우 전쟁,Gold+GPR,0.1,Gold_z,0.00126,0.00402,0.7529,475,47.5,5,HAC(bw=5)
이벤트별,러-우 전쟁,Gold+GPR,0.1,GPR_custom_z,-3e-05,0.00603,0.9967,475,47.5,5,HAC(bw=5)
이벤트별,러-우 전쟁,Gold+GPR,0.2,Gold_z,-0.00185,0.00313,0.5558,475,95.0,5,HAC(bw=5)
이벤트별,러-우 전쟁,Gold+GPR,0.2,GPR_custom_z,0.00058,0.00349,0.8688,475,95.0,5,HAC(bw=5)
이벤트별,러-우 전쟁,Gold+GPR,0.25,Gold_z,-0.00282,0.00302,0.351,475,118.8,5,HAC(bw=5)
이벤트별,러-우 전쟁,Gold+GPR,0.25,GPR_custom_z,-0.00038,0.00326,0.9078,475,118.8,5,HAC(bw=5)
이벤트별,러-우 전쟁,Gold+GPR,0.5,Gold_z,0.00117,0.00273,0.6679,475,237.5,5,HAC(bw=5)
이벤트별,러-우 전쟁,Gold+GPR,0.5,GPR_custom_z,-0.00139,0.00198,0.4826,475,237.5,5,HAC(bw=5)
이벤트별,러-우 전쟁,Gold+GPR,0.75,Gold_z,0.00107,0.00292,0.7154,475,356.2,5,HAC(bw=5)
이벤트별,러-우 전쟁,Gold+GPR,0.75,GPR_custom_z,-0.00338,0.00254,0.1831,475,356.2,5,HAC(bw=5)
이벤트별,러-우 전쟁,Gold+GPR,0.9,Gold_z,-0.00184,0.00378,0.6258,475,427.5,5,HAC(bw=5)
이벤트별,러-우 전쟁,Gold+GPR,0.9,GPR_custom_z,-0.00397,0.00484,0.4132,475,427.5,5,HAC(bw=5)
이벤트별,러-우 전쟁,Gold+GPR,0.95,Gold_z,-0.00052,0.00445,0.9072,475,451.2,5,HAC(bw=5)
이벤트별,러-우 전쟁,Gold+GPR,0.95,GPR_custom_z,-0.00706,0.00614,0.2505,475,451.2,5,HAC(bw=5)
이벤트별,이스라엘-하마스,SP500+GPR,0.01,SP500_z,0.01172,0.00582,0.0451,262,2.6,4,HAC(bw=4)
이벤트별,이스라엘-하마스,SP500+GPR,0.01,GPR_custom_z,0.00691,0.00774,0.373,262,2.6,4,HAC(bw=4)
이벤트별,이스라엘-하마스,SP500+GPR,0.025,SP500_z,0.00771,0.00516,0.1364,262,6.6,4,HAC(bw=4)
이벤트별,이스라엘-하마스,SP500+GPR,0.025,GPR_custom_z,0.0029,0.0074,0.6957,262,6.6,4,HAC(bw=4)
이벤트별,이스라엘-하마스,SP500+GPR,0.05,SP500_z,0.01667,0.0045,0.0003,262,13.1,4,HAC(bw=4)
이벤트별,이스라엘-하마스,SP500+GPR,0.05,GPR_custom_z,-0.00246,0.00678,0.717,262,13.1,4,HAC(bw=4)
이벤트별,이스라엘-하마스,SP500+GPR,0.1,SP500_z,0.00867,0.00329,0.009,262,26.2,4,HAC(bw=4)
이벤트별,이스라엘-하마스,SP500+GPR,0.1,GPR_custom_z,0.00131,0.00461,0.7768,262,26.2,4,HAC(bw=4)
이벤트별,이스라엘-하마스,SP500+GPR,0.2,SP500_z,0.00836,0.00256,0.0012,262,52.4,4,HAC(bw=4)
이벤트별,이스라엘-하마스,SP500+GPR,0.2,GPR_custom_z,-0.00087,0.00348,0.8037,262,52.4,4,HAC(bw=4)
이벤트별,이스라엘-하마스,SP500+GPR,0.25,SP500_z,0.00721,0.00241,0.003,262,65.5,4,HAC(bw=4)
이벤트별,이스라엘-하마스,SP500+GPR,0.25,GPR_custom_z,8e-05,0.00302,0.9784,262,65.5,4,HAC(bw=4)
이벤트별,이스라엘-하마스,SP500+GPR,0.5,SP500_z,0.00866,0.00216,0.0001,262,131.0,4,HAC(bw=4)
이벤트별,이스라엘-하마스,SP500+GPR,0.5,GPR_custom_z,0.00094,0.00201,0.6397,262,131.0,4,HAC(bw=4)
이벤트별,이스라엘-하마스,SP500+GPR,0.75,SP500_z,0.0085,0.00247,0.0007,262,196.5,4,HAC(bw=4)
이벤트별,이스라엘-하마스,SP500+GPR,0.75,GPR_custom_z,0.00313,0.00244,0.1992,262,196.5,4,HAC(bw=4)
이벤트별,이스라엘-하마스,SP500+GPR,0.9,SP500_z,0.00514,0.0038,0.1769,262,235.8,4,HAC(bw=4)
이벤트별,이스라엘-하마스,SP500+GPR,0.9,GPR_custom_z,0.00605,0.00504,0.2312,262,235.8,4,HAC(bw=4)
이벤트별,이스라엘-하마스,SP500+GPR,0.95,SP500_z,-0.00217,0.00589,0.7127,262,248.9,4,HAC(bw=4)
이벤트별,이스라엘-하마스,SP500+GPR,0.95,GPR_custom_z,0.0047,0.00771,0.5431,262,248.9,4,HAC(bw=4)
이벤트별,이스라엘-하마스,Gold+GPR,0.01,Gold_z,0.00957,0.00764,0.2113,262,2.6,4,HAC(bw=4)
이벤트별,이스라엘-하마스,Gold+GPR,0.01,GPR_custom_z,0.00457,0.00865,0.598,262,2.6,4,HAC(bw=4)
이벤트별,이스라엘-하마스,Gold+GPR,0.025,Gold_z,0.00063,0.00701,0.9289,262,6.6,4,HAC(bw=4)
이벤트별,이스라엘-하마스,Gold+GPR,0.025,GPR_custom_z,0.00258,0.00756,0.7331,262,6.6,4,HAC(bw=4)
이벤트별,이스라엘-하마스,Gold+GPR,0.05,Gold_z,0.00116,0.0064,0.8559,262,13.1,4,HAC(bw=4)
이벤트별,이스라엘-하마스,Gold+GPR,0.05,GPR_custom_z,-0.00139,0.00725,0.8483,262,13.1,4,HAC(bw=4)
이벤트별,이스라엘-하마스,Gold+GPR,0.1,Gold_z,0.00457,0.00525,0.3851,262,26.2,4,HAC(bw=4)
이벤트별,이스라엘-하마스,Gold+GPR,0.1,GPR_custom_z,0.00226,0.00454,0.6187,262,26.2,4,HAC(bw=4)
이벤트별,이스라엘-하마스,Gold+GPR,0.2,Gold_z,0.00467,0.00449,0.2995,262,52.4,4,HAC(bw=4)
이벤트별,이스라엘-하마스,Gold+GPR,0.2,GPR_custom_z,0.0004,0.00334,0.9036,262,52.4,4,HAC(bw=4)
이벤트별,이스라엘-하마스,Gold+GPR,0.25,Gold_z,0.00157,0.00443,0.7238,262,65.5,4,HAC(bw=4)
이벤트별,이스라엘-하마스,Gold+GPR,0.25,GPR_custom_z,0.00038,0.00296,0.8974,262,65.5,4,HAC(bw=4)
이벤트별,이스라엘-하마스,Gold+GPR,0.5,Gold_z,0.00376,0.00382,0.3269,262,131.0,4,HAC(bw=4)
이벤트별,이스라엘-하마스,Gold+GPR,0.5,GPR_custom_z,-0.00057,0.00205,0.7811,262,131.0,4,HAC(bw=4)
이벤트별,이스라엘-하마스,Gold+GPR,0.75,Gold_z,0.00222,0.00367,0.5463,262,196.5,4,HAC(bw=4)
이벤트별,이스라엘-하마스,Gold+GPR,0.75,GPR_custom_z,0.00279,0.00257,0.2784,262,196.5,4,HAC(bw=4)
이벤트별,이스라엘-하마스,Gold+GPR,0.9,Gold_z,0.00424,0.004,0.2895,262,235.8,4,HAC(bw=4)
이벤트별,이스라엘-하마스,Gold+GPR,0.9,GPR_custom_z,0.00805,0.00547,0.1426,262,235.8,4,HAC(bw=4)
이벤트별,이스라엘-하마스,Gold+GPR,0.95,Gold_z,0.00054,0.00486,0.9115,262,248.9,4,HAC(bw=4)
이벤트별,이스라엘-하마스,Gold+GPR,0.95,GPR_custom_z,0.00507,0.00766,0.5084,262,248.9,4,HAC(bw=4)
이벤트별,이스라엘-이란 충돌,SP500+GPR,0.01,SP500_z,0.02307,0.00655,0.0005,299,3.0,5,HAC(bw=5)
이벤트별,이스라엘-이란 충돌,SP500+GPR,0.01,GPR_custom_z,-0.00363,0.00844,0.6674,299,3.0,5,HAC(bw=5)
이벤트별,이스라엘-이란 충돌,SP500+GPR,0.025,SP500_z,0.02872,0.00585,0.0,299,7.5,5,HAC(bw=5)
이벤트별,이스라엘-이란 충돌,SP500+GPR,0.025,GPR_custom_z,-0.00411,0.00687,0.55,299,7.5,5,HAC(bw=5)
이벤트별,이스라엘-이란 충돌,SP500+GPR,0.05,SP500_z,0.02371,0.00512,0.0,299,15.0,5,HAC(bw=5)
이벤트별,이스라엘-이란 충돌,SP500+GPR,0.05,GPR_custom_z,-0.00231,0.00599,0.7,299,15.0,5,HAC(bw=5)
이벤트별,이스라엘-이란 충돌,SP500+GPR,0.1,SP500_z,0.01801,0.00428,0.0,299,29.9,5,HAC(bw=5)
이벤트별,이스라엘-이란 충돌,SP500+GPR,0.1,GPR_custom_z,-0.00186,0.00459,0.6858,299,29.9,5,HAC(bw=5)
이벤트별,이스라엘-이란 충돌,SP500+GPR,0.2,SP500_z,0.01646,0.00376,0.0,299,59.8,5,HAC(bw=5)
이벤트별,이스라엘-이란 충돌,SP500+GPR,0.2,GPR_custom_z,-0.00172,0.00331,0.6032,299,59.8,5,HAC(bw=5)
이벤트별,이스라엘-이란 충돌,SP500+GPR,0.25,SP500_z,0.01619,0.00369,0.0,299,74.8,5,HAC(bw=5)
이벤트별,이스라엘-이란 충돌,SP500+GPR,0.25,GPR_custom_z,0.00013,0.00293,0.9656,299,74.8,5,HAC(bw=5)
이벤트별,이스라엘-이란 충돌,SP500+GPR,0.5,SP500_z,0.01655,0.00345,0.0,299,149.5,5,HAC(bw=5)
이벤트별,이스라엘-이란 충돌,SP500+GPR,0.5,GPR_custom_z,-0.00035,0.00204,0.8626,299,149.5,5,HAC(bw=5)
이벤트별,이스라엘-이란 충돌,SP500+GPR,0.75,SP500_z,0.0196,0.00371,0.0,299,224.2,5,HAC(bw=5)
이벤트별,이스라엘-이란 충돌,SP500+GPR,0.75,GPR_custom_z,-0.00068,0.00311,0.8271,299,224.2,5,HAC(bw=5)
이벤트별,이스라엘-이란 충돌,SP500+GPR,0.9,SP500_z,0.02294,0.00437,0.0,299,269.1,5,HAC(bw=5)
이벤트별,이스라엘-이란 충돌,SP500+GPR,0.9,GPR_custom_z,-8e-05,0.00483,0.9864,299,269.1,5,HAC(bw=5)
이벤트별,이스라엘-이란 충돌,SP500+GPR,0.95,SP500_z,0.01494,0.00586,0.0113,299,284.1,5,HAC(bw=5)
이벤트별,이스라엘-이란 충돌,SP500+GPR,0.95,GPR_custom_z,-0.00397,0.00624,0.5251,299,284.1,5,HAC(bw=5)
이벤트별,이스라엘-이란 충돌,Gold+GPR,0.01,Gold_z,0.03048,0.00972,0.0019,299,3.0,5,HAC(bw=5)
이벤트별,이스라엘-이란 충돌,Gold+GPR,0.01,GPR_custom_z,-0.00973,0.01154,0.3997,299,3.0,5,HAC(bw=5)
이벤트별,이스라엘-이란 충돌,Gold+GPR,0.025,Gold_z,0.00133,0.00601,0.8247,299,7.5,5,HAC(bw=5)
이벤트별,이스라엘-이란 충돌,Gold+GPR,0.025,GPR_custom_z,-0.00608,0.00779,0.4357,299,7.5,5,HAC(bw=5)
이벤트별,이스라엘-이란 충돌,Gold+GPR,0.05,Gold_z,0.00319,0.00568,0.5748,299,15.0,5,HAC(bw=5)
이벤트별,이스라엘-이란 충돌,Gold+GPR,0.05,GPR_custom_z,-0.00215,0.00656,0.7434,299,15.0,5,HAC(bw=5)
이벤트별,이스라엘-이란 충돌,Gold+GPR,0.1,Gold_z,0.00369,0.00488,0.4495,299,29.9,5,HAC(bw=5)
이벤트별,이스라엘-이란 충돌,Gold+GPR,0.1,GPR_custom_z,-0.00163,0.00475,0.7309,299,29.9,5,HAC(bw=5)
이벤트별,이스라엘-이란 충돌,Gold+GPR,0.2,Gold_z,0.0035,0.00428,0.4133,299,59.8,5,HAC(bw=5)
이벤트별,이스라엘-이란 충돌,Gold+GPR,0.2,GPR_custom_z,7e-05,0.00325,0.9833,299,59.8,5,HAC(bw=5)
이벤트별,이스라엘-이란 충돌,Gold+GPR,0.25,Gold_z,0.00613,0.00418,0.1437,299,74.8,5,HAC(bw=5)
이벤트별,이스라엘-이란 충돌,Gold+GPR,0.25,GPR_custom_z,-0.0004,0.00287,0.8891,299,74.8,5,HAC(bw=5)
이벤트별,이스라엘-이란 충돌,Gold+GPR,0.5,Gold_z,0.00646,0.00376,0.0863,299,149.5,5,HAC(bw=5)
이벤트별,이스라엘-이란 충돌,Gold+GPR,0.5,GPR_custom_z,0.00063,0.00222,0.7781,299,149.5,5,HAC(bw=5)
이벤트별,이스라엘-이란 충돌,Gold+GPR,0.75,Gold_z,0.00139,0.00339,0.6808,299,224.2,5,HAC(bw=5)
이벤트별,이스라엘-이란 충돌,Gold+GPR,0.75,GPR_custom_z,-0.0019,0.00316,0.5472,299,224.2,5,HAC(bw=5)
이벤트별,이스라엘-이란 충돌,Gold+GPR,0.9,Gold_z,-0.00172,0.0039,0.6589,299,269.1,5,HAC(bw=5)
이벤트별,이스라엘-이란 충돌,Gold+GPR,0.9,GPR_custom_z,-0.00071,0.00538,0.8951,299,269.1,5,HAC(bw=5)
이벤트별,이스라엘-이란 충돌,Gold+GPR,0.95,Gold_z,-0.0098,0.00495,0.0489,299,284.1,5,HAC(bw=5)
이벤트별,이스라엘-이란 충돌,Gold+GPR,0.95,GPR_custom_z,-0.00324,0.0069,0.6388,299,284.1,5,HAC(bw=5)
이벤트별,이란 전쟁,SP500+GPR,0.01,SP500_z,0.01358,0.00529,0.0108,272,2.7,4,HAC(bw=4)
이벤트별,이란 전쟁,SP500+GPR,0.01,GPR_custom_z,0.00506,0.00563,0.3694,272,2.7,4,HAC(bw=4)
이벤트별,이란 전쟁,SP500+GPR,0.025,SP500_z,0.01371,0.00526,0.0097,272,6.8,4,HAC(bw=4)
이벤트별,이란 전쟁,SP500+GPR,0.025,GPR_custom_z,0.0094,0.0043,0.0296,272,6.8,4,HAC(bw=4)
이벤트별,이란 전쟁,SP500+GPR,0.05,SP500_z,0.01636,0.00529,0.0022,272,13.6,4,HAC(bw=4)
이벤트별,이란 전쟁,SP500+GPR,0.05,GPR_custom_z,0.00662,0.00345,0.056,272,13.6,4,HAC(bw=4)
이벤트별,이란 전쟁,SP500+GPR,0.1,SP500_z,0.0153,0.0047,0.0013,272,27.2,4,HAC(bw=4)
이벤트별,이란 전쟁,SP500+GPR,0.1,GPR_custom_z,0.00521,0.00287,0.0705,272,27.2,4,HAC(bw=4)
이벤트별,이란 전쟁,SP500+GPR,0.2,SP500_z,0.01457,0.00411,0.0005,272,54.4,4,HAC(bw=4)
이벤트별,이란 전쟁,SP500+GPR,0.2,GPR_custom_z,0.00171,0.00257,0.5069,272,54.4,4,HAC(bw=4)
이벤트별,이란 전쟁,SP500+GPR,0.25,SP500_z,0.01392,0.00387,0.0004,272,68.0,4,HAC(bw=4)
이벤트별,이란 전쟁,SP500+GPR,0.25,GPR_custom_z,0.00275,0.00197,0.1639,272,68.0,4,HAC(bw=4)
이벤트별,이란 전쟁,SP500+GPR,0.5,SP500_z,0.01251,0.00317,0.0001,272,136.0,4,HAC(bw=4)
이벤트별,이란 전쟁,SP500+GPR,0.5,GPR_custom_z,0.00195,0.00114,0.0884,272,136.0,4,HAC(bw=4)
이벤트별,이란 전쟁,SP500+GPR,0.75,SP500_z,0.01045,0.00262,0.0001,272,204.0,4,HAC(bw=4)
이벤트별,이란 전쟁,SP500+GPR,0.75,GPR_custom_z,0.00164,0.00199,0.41,272,204.0,4,HAC(bw=4)
이벤트별,이란 전쟁,SP500+GPR,0.9,SP500_z,0.00946,0.00271,0.0006,272,244.8,4,HAC(bw=4)
이벤트별,이란 전쟁,SP500+GPR,0.9,GPR_custom_z,0.00422,0.00413,0.308,272,244.8,4,HAC(bw=4)
이벤트별,이란 전쟁,SP500+GPR,0.95,SP500_z,0.00695,0.00304,0.0229,272,258.4,4,HAC(bw=4)
이벤트별,이란 전쟁,SP500+GPR,0.95,GPR_custom_z,0.00572,0.00576,0.3219,272,258.4,4,HAC(bw=4)
이벤트별,이란 전쟁,Gold+GPR,0.01,Gold_z,-0.00036,0.00234,0.8765,272,2.7,4,HAC(bw=4)
이벤트별,이란 전쟁,Gold+GPR,0.01,GPR_custom_z,0.01213,0.00596,0.043,272,2.7,4,HAC(bw=4)
이벤트별,이란 전쟁,Gold+GPR,0.025,Gold_z,0.00116,0.00195,0.552,272,6.8,4,HAC(bw=4)
이벤트별,이란 전쟁,Gold+GPR,0.025,GPR_custom_z,0.0079,0.00503,0.1173,272,6.8,4,HAC(bw=4)
이벤트별,이란 전쟁,Gold+GPR,0.05,Gold_z,0.00172,0.00188,0.3624,272,13.6,4,HAC(bw=4)
이벤트별,이란 전쟁,Gold+GPR,0.05,GPR_custom_z,0.00737,0.0047,0.1177,272,13.6,4,HAC(bw=4)
이벤트별,이란 전쟁,Gold+GPR,0.1,Gold_z,0.00014,0.00136,0.9182,272,27.2,4,HAC(bw=4)
이벤트별,이란 전쟁,Gold+GPR,0.1,GPR_custom_z,0.0051,0.0033,0.1228,272,27.2,4,HAC(bw=4)
이벤트별,이란 전쟁,Gold+GPR,0.2,Gold_z,-0.00041,0.00115,0.7245,272,54.4,4,HAC(bw=4)
이벤트별,이란 전쟁,Gold+GPR,0.2,GPR_custom_z,0.00308,0.00245,0.2093,272,54.4,4,HAC(bw=4)
이벤트별,이란 전쟁,Gold+GPR,0.25,Gold_z,0.00043,0.00106,0.6877,272,68.0,4,HAC(bw=4)
이벤트별,이란 전쟁,Gold+GPR,0.25,GPR_custom_z,0.003,0.00204,0.1425,272,68.0,4,HAC(bw=4)
이벤트별,이란 전쟁,Gold+GPR,0.5,Gold_z,0.00256,0.00104,0.014,272,136.0,4,HAC(bw=4)
이벤트별,이란 전쟁,Gold+GPR,0.5,GPR_custom_z,0.00274,0.00122,0.0251,272,136.0,4,HAC(bw=4)
이벤트별,이란 전쟁,Gold+GPR,0.75,Gold_z,0.0023,0.00111,0.039,272,204.0,4,HAC(bw=4)
이벤트별,이란 전쟁,Gold+GPR,0.75,GPR_custom_z,0.00244,0.00214,0.2537,272,204.0,4,HAC(bw=4)
이벤트별,이란 전쟁,Gold+GPR,0.9,Gold_z,0.00318,0.00145,0.0296,272,244.8,4,HAC(bw=4)
이벤트별,이란 전쟁,Gold+GPR,0.9,GPR_custom_z,0.00371,0.00409,0.365,272,244.8,4,HAC(bw=4)
이벤트별,이란 전쟁,Gold+GPR,0.95,Gold_z,0.00409,0.00182,0.025,272,258.4,4,HAC(bw=4)
이벤트별,이란 전쟁,Gold+GPR,0.95,GPR_custom_z,0.0075,0.00627,0.2327,272,258.4,4,HAC(bw=4)
