범위,이벤트,모델,τ,변수,β,SE,p,n,유효n,방법
전체합산,전체,SP500+GPR+IA,0.01,SP500_z,0.02559,0.00325,0.0,1800,18.0,HAC+IA(bw=7)
전체합산,전체,SP500+GPR+IA,0.01,GPR_custom_z,0.00691,0.00553,0.2116,1800,18.0,HAC+IA(bw=7)
전체합산,전체,SP500+GPR+IA,0.01,SP500_x_GPR,0.00419,0.00335,0.2119,1800,18.0,HAC+IA(bw=7)
전체합산,전체,SP500+GPR+IA,0.025,SP500_z,0.02128,0.00226,0.0,1800,45.0,HAC+IA(bw=7)
전체합산,전체,SP500+GPR+IA,0.025,GPR_custom_z,-0.00017,0.00457,0.9702,1800,45.0,HAC+IA(bw=7)
전체합산,전체,SP500+GPR+IA,0.025,SP500_x_GPR,0.00576,0.00284,0.0425,1800,45.0,HAC+IA(bw=7)
전체합산,전체,SP500+GPR+IA,0.05,SP500_z,0.01641,0.00172,0.0,1800,90.0,HAC+IA(bw=7)
전체합산,전체,SP500+GPR+IA,0.05,GPR_custom_z,0.00015,0.00345,0.9643,1800,90.0,HAC+IA(bw=7)
전체합산,전체,SP500+GPR+IA,0.05,SP500_x_GPR,0.00334,0.00201,0.0972,1800,90.0,HAC+IA(bw=7)
전체합산,전체,SP500+GPR+IA,0.1,SP500_z,0.01592,0.00163,0.0,1800,180.0,HAC+IA(bw=7)
전체합산,전체,SP500+GPR+IA,0.1,GPR_custom_z,0.00044,0.00256,0.8621,1800,180.0,HAC+IA(bw=7)
전체합산,전체,SP500+GPR+IA,0.1,SP500_x_GPR,0.00061,0.00164,0.7116,1800,180.0,HAC+IA(bw=7)
전체합산,전체,SP500+GPR+IA,0.2,SP500_z,0.01334,0.00165,0.0,1800,360.0,HAC+IA(bw=7)
전체합산,전체,SP500+GPR+IA,0.2,GPR_custom_z,0.001,0.00161,0.5354,1800,360.0,HAC+IA(bw=7)
전체합산,전체,SP500+GPR+IA,0.2,SP500_x_GPR,-9e-05,0.0014,0.9498,1800,360.0,HAC+IA(bw=7)
전체합산,전체,SP500+GPR+IA,0.25,SP500_z,0.01199,0.00176,0.0,1800,450.0,HAC+IA(bw=7)
전체합산,전체,SP500+GPR+IA,0.25,GPR_custom_z,0.00021,0.00147,0.886,1800,450.0,HAC+IA(bw=7)
전체합산,전체,SP500+GPR+IA,0.25,SP500_x_GPR,0.00088,0.00138,0.5229,1800,450.0,HAC+IA(bw=7)
전체합산,전체,SP500+GPR+IA,0.5,SP500_z,0.011,0.00196,0.0,1800,900.0,HAC+IA(bw=7)
전체합산,전체,SP500+GPR+IA,0.5,GPR_custom_z,0.00073,0.00089,0.4153,1800,900.0,HAC+IA(bw=7)
전체합산,전체,SP500+GPR+IA,0.5,SP500_x_GPR,0.00039,0.00141,0.7802,1800,900.0,HAC+IA(bw=7)
전체합산,전체,SP500+GPR+IA,0.75,SP500_z,0.00986,0.00225,0.0,1800,1350.0,HAC+IA(bw=7)
전체합산,전체,SP500+GPR+IA,0.75,GPR_custom_z,0.00041,0.00119,0.7321,1800,1350.0,HAC+IA(bw=7)
전체합산,전체,SP500+GPR+IA,0.75,SP500_x_GPR,-0.00075,0.00164,0.6476,1800,1350.0,HAC+IA(bw=7)
전체합산,전체,SP500+GPR+IA,0.9,SP500_z,0.00962,0.00265,0.0003,1800,1620.0,HAC+IA(bw=7)
전체합산,전체,SP500+GPR+IA,0.9,GPR_custom_z,0.00245,0.00255,0.3369,1800,1620.0,HAC+IA(bw=7)
전체합산,전체,SP500+GPR+IA,0.9,SP500_x_GPR,0.00113,0.00204,0.5794,1800,1620.0,HAC+IA(bw=7)
전체합산,전체,SP500+GPR+IA,0.95,SP500_z,0.00692,0.00314,0.0276,1800,1710.0,HAC+IA(bw=7)
전체합산,전체,SP500+GPR+IA,0.95,GPR_custom_z,0.00171,0.00356,0.6316,1800,1710.0,HAC+IA(bw=7)
전체합산,전체,SP500+GPR+IA,0.95,SP500_x_GPR,-0.00606,0.00294,0.0392,1800,1710.0,HAC+IA(bw=7)
전체합산,전체,Gold+GPR+IA,0.01,Gold_z,0.01917,0.00398,0.0,1800,18.0,HAC+IA(bw=7)
전체합산,전체,Gold+GPR+IA,0.01,GPR_custom_z,-0.00777,0.00838,0.3534,1800,18.0,HAC+IA(bw=7)
전체합산,전체,Gold+GPR+IA,0.01,Gold_x_GPR,0.00997,0.00568,0.0792,1800,18.0,HAC+IA(bw=7)
전체합산,전체,Gold+GPR+IA,0.025,Gold_z,0.00773,0.00218,0.0004,1800,45.0,HAC+IA(bw=7)
전체합산,전체,Gold+GPR+IA,0.025,GPR_custom_z,-0.00128,0.00499,0.7983,1800,45.0,HAC+IA(bw=7)
전체합산,전체,Gold+GPR+IA,0.025,Gold_x_GPR,0.00149,0.00255,0.5605,1800,45.0,HAC+IA(bw=7)
전체합산,전체,Gold+GPR+IA,0.05,Gold_z,0.00613,0.00172,0.0004,1800,90.0,HAC+IA(bw=7)
전체합산,전체,Gold+GPR+IA,0.05,GPR_custom_z,-0.00029,0.00367,0.936,1800,90.0,HAC+IA(bw=7)
전체합산,전체,Gold+GPR+IA,0.05,Gold_x_GPR,6e-05,0.00188,0.9734,1800,90.0,HAC+IA(bw=7)
전체합산,전체,Gold+GPR+IA,0.1,Gold_z,0.00473,0.00142,0.0009,1800,180.0,HAC+IA(bw=7)
전체합산,전체,Gold+GPR+IA,0.1,GPR_custom_z,0.00086,0.00259,0.7398,1800,180.0,HAC+IA(bw=7)
전체합산,전체,Gold+GPR+IA,0.1,Gold_x_GPR,-0.00208,0.00141,0.1416,1800,180.0,HAC+IA(bw=7)
전체합산,전체,Gold+GPR+IA,0.2,Gold_z,0.00354,0.00121,0.0036,1800,360.0,HAC+IA(bw=7)
전체합산,전체,Gold+GPR+IA,0.2,GPR_custom_z,0.00156,0.00165,0.3448,1800,360.0,HAC+IA(bw=7)
전체합산,전체,Gold+GPR+IA,0.2,Gold_x_GPR,-0.00066,0.00115,0.5701,1800,360.0,HAC+IA(bw=7)
전체합산,전체,Gold+GPR+IA,0.25,Gold_z,0.00254,0.00117,0.0305,1800,450.0,HAC+IA(bw=7)
전체합산,전체,Gold+GPR+IA,0.25,GPR_custom_z,0.00063,0.00146,0.6669,1800,450.0,HAC+IA(bw=7)
전체합산,전체,Gold+GPR+IA,0.25,Gold_x_GPR,-7e-05,0.0011,0.948,1800,450.0,HAC+IA(bw=7)
전체합산,전체,Gold+GPR+IA,0.5,Gold_z,0.0038,0.00112,0.0007,1800,900.0,HAC+IA(bw=7)
전체합산,전체,Gold+GPR+IA,0.5,GPR_custom_z,0.0008,0.0009,0.3712,1800,900.0,HAC+IA(bw=7)
전체합산,전체,Gold+GPR+IA,0.5,Gold_x_GPR,0.00011,0.00102,0.9153,1800,900.0,HAC+IA(bw=7)
전체합산,전체,Gold+GPR+IA,0.75,Gold_z,0.00369,0.00119,0.0019,1800,1350.0,HAC+IA(bw=7)
전체합산,전체,Gold+GPR+IA,0.75,GPR_custom_z,0.00145,0.00127,0.2552,1800,1350.0,HAC+IA(bw=7)
전체합산,전체,Gold+GPR+IA,0.75,Gold_x_GPR,-0.00054,0.00107,0.6148,1800,1350.0,HAC+IA(bw=7)
전체합산,전체,Gold+GPR+IA,0.9,Gold_z,0.00111,0.00154,0.4701,1800,1620.0,HAC+IA(bw=7)
전체합산,전체,Gold+GPR+IA,0.9,GPR_custom_z,0.00241,0.00265,0.3647,1800,1620.0,HAC+IA(bw=7)
전체합산,전체,Gold+GPR+IA,0.9,Gold_x_GPR,-0.00136,0.00156,0.3829,1800,1620.0,HAC+IA(bw=7)
전체합산,전체,Gold+GPR+IA,0.95,Gold_z,0.00462,0.00181,0.0108,1800,1710.0,HAC+IA(bw=7)
전체합산,전체,Gold+GPR+IA,0.95,GPR_custom_z,-0.0003,0.00352,0.9323,1800,1710.0,HAC+IA(bw=7)
전체합산,전체,Gold+GPR+IA,0.95,Gold_x_GPR,-0.00181,0.00172,0.2946,1800,1710.0,HAC+IA(bw=7)
